id	authors	title	link	flc	slc	tlc	summary
1	Akram SU et al.	Cell segmentation proposal network for microscopy image analysis	http://doi.org/10.1007/978-3-319-46976-8_3	CS	FM,BM	C	Convolutional neural network for cell detection and segmentation
2	Arbelle  A et al.	Microscopy cell segmentation via adversarial neural networks	https://doi.org/10.1109/isbi.2018.8363657	S	FM	C	Generative adversarial neural network (GAN) for cell segmentation with limited amount of annotated data
3	Arteta C et al.	HTX: a tool for the exploration and visualization of high-throughput image assays	https://doi.org/10.1101/204016	P	MM,O	T,C,SB	HTX, an interactive tool to aid in the exploration of large microscopy data sets by allowing the visualization of entire image-based assays according to visual similarities between the  samples
4	Arvaniti E et al.	Automated Gleason grading of prostate cancer tissue microarrays via deep learning	https://doi.org/10.1038/s41598-018-30535-1	C	BM	T	Convolutional neural network for autometed Gleason grading of prostate cancer tissue microarrays with Hematoxylin and Eosin (H&E) staining.
5	Aubreville M et al.	Deep learning-based detection of motion artifacts in probe-based confocal laser endomicroscopy images	http://doi.org/10.1007/s11548-018-1836-1	C	BM	T	automatic detection of motion artifacts in pCLE images 
6	Awan  R et al.	Context-Aware Learning Using Transferable Features for Classification of Breast Cancer Histology Images	https://doi.org/10.1007/978-3-319-93000-8_89	C	BM	T	Classification of breast cancer Whole Slide Images that combines activation features of a CNN trained for patch-based classification, to train a separate classifier for image based classification. The classfier uses extracted CNN features from overlapping image patches to perform image-based classification.
7	Bajic B et al.	Denoising of short exposure transmission electron microscopy images for ultrastructural enhancement	http://doi.org/10.1109/ISBI.2018.8363721	P	EM	SB	Deep convolutional neural network based approaches to de-noise short exposure high-resolution TEM images of cilia
8	Baltissen D et al.	Comparison of segmentation methods for tissue microscopy images of glioblastoma cells	http://doi.org/10.1109/ISBI.2018.8363601	S	FM	C	Comparison of segmentation methods, including a novel deep neural network based on atrous spatial pyramid pooling (ASPP), for cell nuclei segmentation in tissue microscopy images of glioblastoma cells.
9	Bejnordi  E et al.	Context-aware stacked convolutional neural networks for classification of breast carcinomas in whole-slide histopathology images	https://doi.org/10.1117/1.jmi.4.4.044504	C	BM	T	Context-aware stacked CNNs are designed first training a CNN using high pixel resolution to capture cellular level information and then fed the feature responses generated as input to a second CNN, stacked on top of the first. Training of this stacked architecture with large input patches enables learning of fine-grained (cellular) details and global tissue structures.
10	Bekkers EJ et al.	Roto-Translation Covariant Convolutional Networks for Medical Image Analysis	http://arxiv.org/abs/1804.03393v3	S	EM, Histopat	T,C	three different problems in histopathology, retinal imaging, and electron microscopy that with the proposed group CNNs, state-ofthe-art performance can be achieved, without the need for data augmentation by rotation and with increased performance compared to standard CNNs that do rely on augmentation
11	Bentaieb A et al.	Multi-loss convolutional networks for gland analysis in microscopy	http://doi.org/10.1109/ISBI.2016.7493349	C,S	BM	T,C	CNN for automatic tissue analysis as the joint task of segmentation and classification. Novel multi-objective learning method that optimizes a single unified deep fully convolutional neural network with two distinct loss functions.
12	Boyd N et al.	DeepLoco: Fast 3D Localization Microscopy Using Neural Networks	https://doi.org/10.1101/267096	C	FM	SB	CNN for estimating the number and locations of fluorophores in a single frame in Single-molecule localization super-resolution microscopy. The presented algorithm can analyze a 20000-frame experimental 3D SMLM dataset in about one second - substantially faster than real-time and existing algorithms.
13	Bozkurt A et al.	A Multiresolution Convolutional Neural Network with Partial Label Training for Annotating Reflectance Confocal Microscopy Images of Skin	http://arxiv.org/abs/1802.02213v2	S	BM	T	annotate morphological patterns in reflectance confocal microscopy
14	Bozkurt A et al.	Delineation of Skin Strata in Reflectance Confocal Microscopy Images with Recurrent Convolutional Networks	http://doi.org/10.1109/CVPRW.2017.108	S	BM	T	deep recurrent convolutional neural networks to delineate skin strata in stacks of RCM images collected at consecutive depths
15	Buggenthin F et al.	Prospective identification of hematopoietic lineage choice by deep learning	http://doi.org/10.1038/nmeth.4182	C	BM	C	deep neural network that predicts lineage choice in differentiating primary hematopoietic progenitor cells using image patches from brightfield microscopy and cellular movement
16	Buniatyan D et al.	Deep Learning Improves Template Matching by Normalized Cross Correlation	http://arxiv.org/abs/1705.08593v1	C	EM		"improve the robustness of template matching by preprocessing images with ""siamese"" convolutional networks trained to maximize the contrast between NCC values of true and false matches"
17	Bychkov  D et al.	Deep learning based tissue analysis predicts outcome in colorectal cancer	https://doi.org/10.1038/s41598-018-21758-3	C	BM	T	Convolutional and recurrent architectures to train a deep network to predict colorectal cancer patient outcome based on images of tumour tissue samples.
18	Caicedo  C et al.	Weakly supervised learning of single-cell feature embeddings	https://doi.org/10.1101/293431	P	FM	C	CNN trained based on a weakly supervised approach for single-cell feature embedding. Replicates of the same treatment condition are used as labels for learning discriminat features to investigate treatment similarities in a downstream analysis.
19	Caicedo JC et al.	Evaluation of Deep Learning Strategies for Nucleus Segmentation in Fluorescence Images	https://doi.org/10.1101/335216	S	FM	C	Release of a set of 23,165 manually annotated nuclei and source code to reproduce experiments. Evaluation of two deep learning strategies (U-Net and DeepCell) and classical aprroach implemented in CellProfiler. U-Net outperforms both DeepCells and classical algorithms
20	Calderon CP et al.	Deep Convolutional Neural Network Analysis of Flow Imaging Microscopy Data to Classify Subvisible Particles in Protein Formulations	http://doi.org/10.1016/j.xphs.2017.12.008	C	BM	SB	CNN for morphological features extraction of particles in therapeutic protein formulations using flow-imaging miscroscopy
21	Campanella  G et al.	Terabyte-scale Deep Multiple Instance Learning for Classification and Localization in Pathology	https://arxiv.org/abs/1805.06983	C	BM	T	12,000 WSI from prostate needle biopsies used to propose a Deep Multiple Instance Learning (MIL) framework where only the whole slide class is used to train a convolutional neural network capable of classifying digital slides on a large scale.
22	Cao G et al.	A hybrid Cnn-Rf method for electron microscopy images segmentation	http://doi.org/10.4172/1662-100X.1000114	S	EM	c	Automated segmentation of neuronal structures for 3d reconstruction of brain tissue from EM images based on an hybrid CNN and Random Forset classifier combination.
23	Carneiro G et al.	Weakly-supervised structured output learning with flexible and latent graphs using high-order loss functions	http://doi.org/10.1109/ICCV.2015.81	P	BM, FM	T	Two new structured output models for estimation of the number and proportion of classes of microcirculatory supply units (MCSU). The two models use a latent graph, which is flexible in terms of the number of nodes and structure, where the training process minimises a high-order loss function using a weakly annotated training set
24	Carneiro G et al.	Automatic Quantification of Tumour Hypoxia from Multi-Modal Microscopy Images Using Weakly-Supervised Learning Methods	http://doi.org/10.1109/TMI.2017.2677479	P	BM,FM	T	Measuring tumor hypoxia with four different methadologies based on weakly-supevied machine learning, latent structured output learning and deep learning models.
25	Castilla C et al.	Segmentation of actin-stained 3D fluorescent cells with filopodial protrusions using convolutional neural networks	http://doi.org/10.1109/ISBI.2018.8363605	S	FM	C	Convolutional neural network (CNN) designed for the segmentation of actin-stained cells in 3D+t confocal microscopy image data
26	Chang K-Y et al.	A fast CLSM undersampling image reconstruction framework with precise stage positioning for random measurements	http://doi.org/10.1109/ASCC.2017.8287328	P	BM	C	Non-iteration-based deep residual convolutional neural network compressive sensing reconstruction framework for confocal laser scanning microscopy
27	Chang Y-H et al.	Human induced pluripotent stem cell region recognition in microscopy images using Convolutional Neural Networks	http://doi.org/10.1109/EMBC.2017.8037747	C	BM	C	A deep learning architecture Convolutional Neural Networks (CNNs) for automatic classification and recognition of reprogramming and reprogrammed human Induced Pluripotent Stem (iPS) cell regions in microscopy images.
28	Chen  L et al.	Deep Learning in Label-free Cell Classification	https://doi.org/10.1038/srep21471	C	BM	C	Integrate feature extraction and deep learning with high-throughput quantitative imaging enabled by photonic time stretch, achieving record high accuracy in label-free cell classification for personalized genomics, cancer diagnostics, and drug development
29	Chen J et al.	Neuron segmentation using deep complete bipartite networks	http://doi.org/10.1007/978-3-319-66185-8_3	S	FM	C	Automatic segmentation of neuronal cells in dual-color confocal microscopy images using a deep complete bipartite networks (CB-Net), and a new scheme for leveraging approximate instance-wise annotation to train a pixel-wise prediction model.
30	Cheng H et al.	Deep-learning-assisted Volume Visualization	http://doi.org/10.1109/TVCG.2018.2796085	P	EM	SB	Volume visualizations based on the high-dimensional deep features spectral methods to facilitate user interactions with high-dimensional features and a new deep-learning-assisted technique for hierarchically exploring a volumetric dataset.
31	Cheng H-C et al.	Volume segmentation using convolutional neural networks with limited training data	http://doi.org/10.1109/ICIP.2017.8296349	S	EM	SB	3D CNN that uses both factorized convolutions and online feature-level augmentations for volume segmentation
32	Chowdhury A et al.	A computational study on convolutional feature combination strategies for grade classification in colon cancer using fluorescence microscopy data	http://doi.org/10.1117/12.2255687	C	BM	T	The cancer diagnostic workflow for grade classification in colon cancer based on CNN features extraction and linear SVM for data classification. 
33	Chowdhury A et al.	Blood vessel characterization using virtual 3D models and convolutional neural networks in fluorescence microscopy	http://doi.org/10.1109/ISBI.2017.7950599	C	FM	T	Automated method for characterization of microvessel morphology in micrographs of brain tissue sections to enable the facile, quantitative analysis of vascular differences across large datasets
34	Chowdhury A et al.	Active deep learning reduces annotation burden in automatic cell segmentation	https://doi.org/10.1101/211060	S	FM, BM	C	Cell segmentation with CNN using active learning to reduce annotation burden
35	Christiansen EM et al.	In Silico Labeling: Predicting Fluorescent Labels in Unlabeled Images	http://doi.org/10.1016/j.cell.2018.03.040	C	BM	SB	In silico labeling” (ISL) uses deep neural network to reliably predicts a different of fluorescent labels from transmitted-light images of unlabeled fixed or live biological samples without the limitation of spectral overlap.
36	Çiçek   Ö et al.	3D U-Net: Learning Dense Volumetric Segmentation from Sparse Annotation	https://doi.org/10.1007/978-3-319-46723-8_49	S	FM	SB	Neural network for volumetric segmentation that learns from sparsely annotated volumetric images. In a semi-automated setup, the user annotates some slices in the volume to be segmented. The network learns from these sparse annotations and provides a dense 3D segmentation. In a fully-automated setup, we assume that a representative, sparsely annotated training set exists.
37	CireÅŸan  C et al.	Mitosis Detection in Breast Cancer Histology Images with Deep Neural Networks	https://doi.org/10.1007/978-3-642-40763-5_51	C	BM	T	Deep max-pooling convolutional neural networks to detect mitosis in breast histology images. 
38	Ciresan  D et al.	Deep Neural Networks Segment Neuronal Membranes in Electron Microscopy Images	https://papers.nips.cc/paper/4741-deep-neural-networks-segment-neuronalmembranes-in-electron-microscopy-images	S	EM	C,SB	Automatic segmentation of neuronal structures depicted in stacks of electron microscopy (EM) images to map 3D brain structures and connectivity depicted in stacks of electron microscopy images.
39	Cordero-Maldonado ML et al.	Deep learning image recognition enables efficient genome editing in zebrafish by automated injections	https://doi.org/10.1101/384735	C	BM	T	Deep learning software that allows for microinjection at a trained target site in zebrafish eggs at unprecedented speed
40	Coudray N et al.	Classification and Mutation Prediction from Non-Small Cell Lung Cancer Histopathology Images using Deep Learning	https://doi.org/10.1101/197574	C	BM	T	Deep learning convolutional neural network (CNN) model (inception v3) on histopathology images obtained from The Cancer Genome Atlas (TCGA) to accurately classify whole-slide pathology images into adenocarcinoma, squamous cell carcinoma or normal lung tissue. Furthermore, the network can predict the ten most commonly mutated genes in lung adenocarcinoma.
41	Cruz-Roa  A et al.	High-throughput adaptive sampling for whole-slide histopathology image analysis (HASHI) via convolutional neural networks: Application to invasive breast cancer detection	https://doi.org/10.1371/journal.pone.0196828	C	BM	T	HASHI involves the combination of a new efficient adaptive sampling method and a powerful representation learning classifier based on CNNs for precise detection of invasive breast cancer on whole-slide images (WSI) 
42	Cruz-Roa  A et al.	Accurate and reproducible invasive breast cancer detection in whole-slide images: A Deep Learning approach for quantifying tumor extent	https://doi.org/10.1038/srep46450	C	BM	T	a new method that employs a convolutional neural network to automatically identify the extent of invasive tumor on digitized images, that involves training the classifier on nearly 400 exemplars from multiple different sites, and scanners, and then independently validating on almost 200 cases from The Cancer Genome Atlas. 
43	Delahunt CB et al.	Automated microscopy and machine learning for expert-level malaria field diagnosis	http://doi.org/10.1109/GHTC.2015.7344002	C,P	BM	T	Low-cost automated digital microscope coupled with a set of computer vision and classification algorithms, which can accurately diagnose of a variety of infectious diseases, targeting use-cases in the developing world
44	Delas Peñas K et al.	Analysis of Convolutional Neural Networks and Shape Features for Detection and Identification of Malaria Parasites on Thin Blood Smears	http://doi.org/10.1007/978-3-319-75420-8_45	C	BM	T	Comparison and implementation of models using convolutional neural networks, and a model using extracted shape features for malaria diagnosis in remote areas.
45	Deng F et al.	Rich feature hierarchies for cell detecting under phase contrast microscopy images	http://doi.org/10.1109/ICICIP.2015.7388195	C	BM	T	Modified region-convolutional neural network to detect cells under phase contrast microscopy images by adopting multiple object-proposal-generations instead of a single one to extract candidate regions.
46	Diederich B et al.	Using machine-learning to optimize phase contrast in a low-cost cellphone microscope	http://doi.org/10.1371/journal.pone.0192937	P	BM	T	Convolutional neural network (CNN) for learning a relationship between samples to be examined and its optimal light source shapes, in order to increase e.g. phase contrast, from a given dataset to enable real-time applications in a low-cost cellphone microscope
47	Doan  M et al.	Label-free assessment of red blood cell storage lesions by deep learning	https://doi.org/10.1101/256180	C	BM	C	Label-free imaging flow cytometry and deep learning that can characterize red blood cells morphologies, replacing the current practice of manually quantifying a blood smear from stored blood units.
48	Dong B et al.	Deep learning for automatic cell detection in wide-field microscopy zebrafish images	http://doi.org/10.1109/ISBI.2015.7163986	C	BM	C	A unique framework is proposed for automatically detecting Tyrosine Hydroxylase-containing (TH-labeled) cells in larval zebrafish brain z-stack images recorded through the wide-field microscope.
49	Dorkenwald S et al.	Automated synaptic connectivity inference for volume electron microscopy	http://doi.org/10.1038/nmeth.4206	C	EM	C,SB	SyConn framework, deep convolutional neural networks and random forest classifiers to infer a richly annotated synaptic connectivity matrix from manual neurite skeleton reconstructions by automatically identifying mitochondria, synapses and their types, axons, dendrites, spines, myelin, somata and cell types. 
50	Drozdzal M et al.	Learning normalized inputs for iterative estimation in medical image segmentation	http://doi.org/10.1016/j.media.2017.11.005	S	MM	SB	Pipeline for medical image segmentation that combines Fully Convolutional Networks (FCNs) with Fully Convolutional Residual Networks (FC-ResNets). 
51	Duggal  R et al.	Overlapping cell nuclei segmentation in microscopic images using deep belief networks	https://doi.org/10.1145/3009977.3010043	S	O	C	Method for segmentation of nuclei of single/isolated and overlapping/touching immature white blood cells from microscopic images of B-Lineage acute lymphoblastic leukemia (ALL) prepared from peripheral blood and bone marrow aspirate.
52	Durant  J et al.	Very Deep Convolutional Neural Networks for Morphologic Classification of Erythrocytes	https://doi.org/10.1373/clinchem.2017.276345	C	BM	C	Evaluating the performance of leading implementation strategies for convolutional neural networks (CNNs) when applied to classification of erythrocytes based on morphology
53	Dürr O et al.	Single-Cell Phenotype Classification Using Deep Convolutional Neural Networks	https://doi.org/10.1177/1087057116631284	C	FM	C	The potential of deep learning methods to high-content screening–based phenotype classification.
54	Ehteshami Bejnordi B et al.	Using deep convolutional neural networks to identify and classify tumor-associated stroma in diagnostic breast biopsies	http://doi.org/10.1038/s41379-018-0073-z	C	BM,O	T	Machine learning techniques to digital images of hematoxylin and eosin stained tissue sections of benign and malignant image-guided breast biopsies performed to investigate mammographic abnormalities
55	Eulenberg  P et al.	Reconstructing cell cycle and disease progression using deep learning	https://doi.org/10.1038/s41467-017-00623-3	P,C	FM	C	We show that deep convolutional neural networks combined with non-linear dimension reduction enable reconstructing biological processes based on raw image data
56	Fabijańska A et al.	Segmentation of corneal endothelium images using a U-Net-based convolutional neural network	http://doi.org/10.1016/j.artmed.2018.04.004	S	BM,O	O	Diagnostic information regarding the health status of the corneal endothelium may be obtained by analyzing the size and the shape of the endothelial cells in specular microscopy images.
57	Fakhry A et al.	Residual Deconvolutional Networks for Brain Electron Microscopy Image Segmentation	http://doi.org/10.1109/TMI.2016.2613019	S	EM	T	Residual deconvolutional network consists of two information pathways that capture full-resolution features and contextual information, respectively
58	Fan M et al.	Global probabilistic models for enhancing segmentation with convolutional networks	http://doi.org/10.1109/ISBI.2018.8363794	S	FM	C	Combine convolutional network based segmentation approaches with a global probabilistic model that effectively enforces prior shape constraints for cell segmentation
59	Fleury  D et al.	Implementation of Regional-CNN and SSD Machine Learning Object Detection Architectures for the Real Time Analysis of Blood Borne Pathogens in Dark Field Microscopy	https://doi.org/10.20944/preprints201807.0119.v1	C	BM	C	Investigates the disparities between Tensorflow object detection APIs, exclusively, Single Shot Detector (SSD) Mobilenet V1 and the Faster RCNN Inception V2 model
60	Fredericksen MA et al.	Three-dimensional visualization and a deep-learning model reveal complex fungal parasite networks in behaviorally manipulated ants	http://doi.org/10.1073/pnas.1711673114	S	EM	C	We examine adaptations of a microbial parasite in its natural environment: the body of its coevolved and manipulated host
61	Fu C et al.	Three Dimensional Fluorescence Microscopy Image Synthesis and Segmentation	http://arxiv.org/abs/1801.07198v2	S	FM	C	nuclei segmentation method using synthetic 3D volumes for training
62	Fu C et al.	Nuclei segmentation of fluorescence microscopy images using convolutional neural networks	http://doi.org/10.1109/ISBI.2017.7950617	S	FM	C,T	nuclei segmentation method using a deep convolutional neural network, data augmentation to generate training images of different shapes and contrasts, a refinement process combining segmentation results of horizontal, frontal, and sagittal planes in a volume, and a watershed technique to count the number of nuclei
63	Funke J et al.	Large Scale Image Segmentation with Structured Loss based Deep Learning for Connectome Reconstruction	http://doi.org/10.1109/TPAMI.2018.2835450	S	EM	T	3D U-net, trained to predict affinities between voxels, followed by iterative region agglomeration
64	Galal S et al.	Candy Cane: Breast Cancer Pixel-Wise Labeling with Fully Convolutional Densenets	http://doi.org/10.1007/978-3-319-93000-8_93	S,C	BM,FM	T,C	Candy Cane, a system for performing pixel-wise labelling of whole-slide images in four classes: normal tissue, benign lesion, in situ carcinoma and invasive carcinoma is introduced
65	Gecer  B et al.	Detection and classification of cancer in whole slide breast histopathology images using deep convolutional networks	https://doi.org/10.1016/j.patcog.2018.07.022	C	BM	T	We present a system that classifies whole slide images (WSI) of breast biopsies into five diagnostic categories
66	Godinez WJ et al.	A multi-scale convolutional neural network for phenotyping high-content cellular images	http://doi.org/10.1093/bioinformatics/btx069	C	FM	C	An approach based on a multi-scale convolutional neural network (M-CNN) that classifies, in a single cohesive step, cellular images into phenotypes by using directly and solely the images’ pixel intensity values
67	Goldsborough  P et al.	CytoGAN: Generative Modeling of Cell Images	https://doi.org/10.1101/227645	C	FM	C	Application of Generative Adversarial Networks to the domain of morphological profiling of human cultured cells imaged by fluorescence microscopy.
68	Goltsev Y et al.	Deep profiling of mouse splenic architecture with CODEX multiplexed imaging.	https://doi.org/10.1101/203166	C	FM	C,T	An algorithmic pipeline for single-cell antigen quantification in tightly packed tissues was developed and used to overlay well-known morphological features with de novo characterization of lymphoid tissue architecture at a single-cell and cellular neighborhood levels.
69	Gopakumar G et al.	Cytopathological image analysis using deep-learning networks in microfluidic microscopy	http://doi.org/10.1364/JOSAA.34.000111	C	FM	C	deep-learning networks for cytopathologic analysis by performing the classification of three important unlabeled, unstained leukemia cell lines (K562, MOLT, and HL60)
70	Górriz M et al.	Leishmaniasis parasite segmentation and classification using deep learning	http://doi.org/10.1007/978-3-319-94544-6_6	S,C	BM	C,SC	U-net model trained to segments leismania parasites and classifies them into promastigotes, amastigotes and adhered parasites
71	Gupta A et al.	Convolutional neural networks for false positive reduction of automatically detected cilia in low magnification TEM images	http://doi.org/10.1007/978-3-319-59126-1_34	C	EM	T,SC	convolutional neural network classifier is proposed to further reduce the false positives detected by a previously presented template matching method
72	Güven G et al.	Nanoparticle detection from TEM images with deep learning [GEM görüntülerinden derin öǧrenme ile nanoparçacik tespiti]	http://doi.org/10.1109/SIU.2018.8404468	C	EM	T,SC	automatic detection of magnetite (Fe 3 O 4 ) particles on TEM images based on Convolutional Neural Networks
73	Haberl M et al.	CDeep3M - Plug-and-Play cloud based deep learning for image segmentation of light  electron and X-ray microscopy	https://doi.org/10.1101/353425	S	BM,FM,EM		ready-to-use image segmentation solution for any lab, with a pre-configured, publicly available, cloud-based deep convolutional neural network on Amazon Web Services
74	Haering  M et al.	Automated Segmentation of Epithelial Tissue Using Cycle-Consistent Generative Adversarial Networks	https://doi.org/10.1101/311373	S	BM	T	segmentation method based on cycle consistent generative adversarial networks, which can be trained even in absence of prepared image - mask pairs
75	Haft-Javaherian M et al.	Deep convolutional neural networks for segmenting 3D in vivo multiphoton   images of vasculature in Alzheimer disease mouse models	http://arxiv.org/abs/1801.00880v2	S	FM	T,C	explored the use of convolutional neural networks to segment 3D vessels within volumetric in vivo images
76	Hagita K et al.	Super-resolution for asymmetric resolution of FIB-SEM 3D imaging using AI with deep learning	http://doi.org/10.1038/s41598-018-24330-1	P	EM	C	we propose a new approach based on an image-processing or deep-learning-based method for super-resolution of 3D images with asymmetric resolution, so as to restore the depth resolution to achieve symmetric resolution
77	Hay EA et al.	Performance of convolutional neural networks for identification of bacteria in 3D microscopy datasets	https://doi.org/10.1101/273318	C	FM	C	3D convolutional neural network to distinguish bacteria and non-bacterial objects in 3D light sheet fluorescence microscopy images of larval zebrafish intestines
78	Heinrich L et al.	Deep learning for isotropic super-resolution from non-isotropic 3d electron microscopy	http://doi.org/10.1007/978-3-319-66185-8_16	P	EM	T,SC	convolutional neural network architectures for image super-resolution in the context of 3D electron microscopy.
79	Heo YJ et al.	Real-time Image Processing for Microscopy-based Label-free Imaging Flow Cytometry in a Microfluidic Chip	http://doi.org/10.1038/s41598-017-11534-0	C	FM	C	image-processing pipeline (R-MOD: Real-time Moving Object Detector) based on deep learning for high-throughput microscopy-based label-free IFC in a microfluidic chip.
80	HernÃ¡ndez CX et al.	Using Deep Learning for Segmentation and Counting within Microscopy Data	http://arxiv.org/abs/1802.10548v1	S	BM	C	incorporating uncertainty into the counting problem can improve model reliability and help identify possible failure cases for U2OS cells 
81	Hershko* E et al.	Multicolor localization microscopy by deep learning	http://arxiv.org/abs/1807.01637v1	C,P	FM	C	demonstrate how deep learning can be used to design phase-modulating elements that, when implemented into the imaging path, result in further improved color differentiation between species
82	Ho DJ et al.	Nuclei detection and segmentation of fluorescence microscopy images using three dimensional convolutional neural networks	http://doi.org/10.1109/ISBI.2018.8363606	S,C	FM	C	A 3D method which can detect and segment nuclei in fluorescence microscopy images
83	Holmström O et al.	Point-of-care mobile digital microscopy and deep learning for the detection of soil-transmitted helminths and Schistosoma haematobium	http://doi.org/10.1080/16549716.2017.1337325	C	BM	C	deep learning-based image analysis can be utilized for the automated detection and classification of helminths in the captured images from mobile microscope
84	Hou  L et al.	Sparse Autoencoder for Unsupervised Nucleus Detection and Representation in Histopathology Images	https://arxiv.org/abs/1704.00406v2	C,S	BM	T	sparse Convolutional Autoencoder (CAE) for fully unsupervised, simultaneous nucleus detection and feature extraction in histopathology tissue images
85	Hu C et al.	Cerebral vessels segmentation for light-sheet microscopy image using convolutional neural networks	http://doi.org/10.1117/12.2254714	S	FM	O	Adesses a problem of automatic and robust segmentation of cerebral micro-vessels structures in cerebrovascular images acquired by light-sheet microscope for mouse.
86	Huang GB et al.	Deep and Wide Multiscale Recursive Networks for Robust Image Labeling	http://arxiv.org/abs/1310.0354v3	C, P	EM	T,SC	Experiments in the challenging domain of connectomic reconstruction of neural circuity from 3d electron microscopy data show that these “Deep And Wide Multiscale Recursive” (DAWMR) networks lead to new levels of image labeling performance
87	Hung  J et al.	Applying Faster R-CNN for Object Detection on Malaria Images 	http://doi.ieeecomputersociety.org/10.1109/CVPRW.2017.112	C	BM	C	object detection model previously used on natural images to identify cells and recognize their stages in brightfield microscopy images of malaria-infected blood
88	Huttunen MJ et al.	Automated classification of multiphoton microscopy images of ovarian tissue using deep learning	http://doi.org/10.1117/1.JBO.23.6.066002	C	FM	T	multiphoton microscopy images from unstained, reproductive tissues can be robustly classified using deep learning techniques
89	Ishaq  O et al.	Deep Fish: Deep Learningâ€“Based Classification of Zebrafish Deformation for High-Throughput Screening	https://doi.org/10.1177/1087057116667894	C	BM	O	deep learning approach for accurate high-throughput classification of whole-body zebrafish deformations in multifish microwell plates.
90	Ishikawa Y et al.	Brain tumor classification of microscopy images using deep residual learning	http://doi.org/10.1117/12.2242711	C	BM	C	method to segment cell regions from astrocytes, robustly using BING objectness estimation and to classify brain tumors using deep convolutional neural networks (CNNs) constructed by deep residual learning.
91	Işil Ç et al.	Resolution enhancement of wide-field interferometric microscopy by coupled deep autoencoders	http://doi.org/10.1364/AO.57.002545	P	BM	SC	A deep-learning approach, based on coupled deep autoencoders, to improve resolution of images of L-shaped nanostructures.
92	Ito E et al.	Virus Particle Detection by Convolutional Neural Network in Transmission Electron Microscopy Images	http://doi.org/10.1007/s12560-018-9335-7	C	EM	SC	convolutional neural network that transforms a TEM image to a probabilistic map that indicates where virus particles exist in the image.
93	Januszewski M et al.	High-precision automated reconstruction of neurons with flood-filling networks	http://doi.org/10.1038/s41592-018-0049-4	P,S	EM	SC	flood-filling networks to trace neurons in a dataset obtained by serial block-face electron microscopy of a zebra finch brain
94	Jiang B et al.	Convolutional neural networks in automatic recognition of trans-differentiated neural progenitor cells under bright-field microscopy	http://doi.org/10.1109/IMCCC.2015.33	C	BM	C	novel recognition system based on convolutional neural networks, which could pre-process images and classify neural progenitor cells and non-neural progenitor cells
95	Jiang S et al.	Transform- and multi-domain deep learning for single-frame rapid autofocusing in whole slide imaging	http://doi.org/10.1364/BOE.9.001601	P	BM	T	investigate the autofocusing performance with three illumination settings: incoherent Kohler illumination, partially coherent illumination with two plane waves, and one-plane-wave illumination
96	Jimenez-Carretero  D et al.	Tox_(R)CNN: Deep Learning-Based Nuclei Profiling tool For Drug Toxicity Screening	https://doi.org/10.1101/334557	C	FM	C	CNNs are trained to predict toxicity from images of DAPI-stained cells pre-treated with a set of drugs with differing toxicity mechanisms
97	Jo Y et al.	Holographic deep learning for rapid optical screening of anthrax spores	http://doi.org/10.1126/sciadv.1700606	C	BM	C	present an optical method for rapid and label-free screening of Bacillus anthracis spores through the synergistic application of holographic microscopy and deep learning
98	Judd N et al.	A pilot study for distinguishing chromophobe renal cell carcinoma and oncocytoma using second harmonic generation imaging and convolutional neural network analysis of collagen fibrillar structure	http://doi.org/10.1117/12.2288088	C	BM	T	examines a CNN model’s ability to differentiate between oncocytoma (benign), and chRCC (malignant) kidney tumor images acquired with second harmonic generation (SHG), which is very specific for collagen matrix. This is the first study that attempts to distinguish the two entities based on their collagen structure.
99	Kandaswamy  C et al.	High-Content Analysis of Breast Cancer Using Single-Cell Deep Transfer Learning	https://doi.org/10.1177/1087057115623451	C	FM	C	The input features of each cell are mapped to a particular MOA class without using any treatment-level profiles or feature reduction methods. This is is the first application of DNN in this domain, leveraging single-cell information. Furthermore, deep transfer learning (DTL) is used to alleviate the intensive and computational demanding effort of searching the huge parameter’s space of a DNN.
100	Kannan S et al.	Segmentation of Glomeruli Within Trichrome Images Using Deep Learning	https://doi.org/10.1101/345579	C,S	BM	T	developed an automated method to detect and segment the glomeruli within digitized kidney biopsy images by leveraging a deep learning architecture based on convolutional neural networks (CNN).
101	Kassim YM et al.	Microvasculature segmentation of arterioles using deep CNN	http://doi.org/10.1109/ICIP.2017.8296347	S	FM	T	utilize a deep convolutional neural network (CNN) framework for obtaining robust segmentations of microvasculature from epifluorescence microscopy imagery of mice dura mater
102	Kaur P et al.	Hybrid deep learning for Reflectance Confocal Microscopy skin images	http://doi.org/10.1109/ICPR.2016.7899844	C	FM	T	Introduce a hybrid deep learning approach which uses traditional textonbased feature vectors as input to train a deep neural network. This hybrid method uses fixed filters in the input layer instead of tuned filters, yet superior performance is achieved.
103	Kensert A et al.	Transfer learning with deep convolutional neural networks for classifying cellular morphological changes	https://doi.org/10.1101/345728	C	O	C	applied the pre-trained deep convolutional neural networks ResNet50, InceptionV3 and InceptionResnetV2 to predict cell mechanisms of action in response to chemical perturbations for two cell profiling datasets from the Broad Bioimage Benchmark Collection.
104	Khan A et al.	Deep convolutional neural networks for human embryonic cell counting	http://doi.org/10.1007/978-3-319-46604-0_25	C	BM	C	propose a framework to automatically count the number of cells in developing human embryos. The framework employs a deep convolutional neural network model trained to count cells from raw microscopy images.
105	Khobragade N et al.	Multi-class segmentation of neuronal electron microscopy images using deep learning	http://doi.org/10.1117/12.2293940	S	EM	C	present a pixel-wise classification method based on Bayesian SegNet architecture. We carried out multi-class segmentation on serial section Transmission Electron Microscopy (ssTEM) images of Drosophila third instar larva ventral nerve cord, labeling the four classes of neuron membranes, neuron intracellular space, mitochondria and glia / extracellular space
106	Khoshdeli M et al.	Feature-Based Representation Improves Color Decomposition and Nuclear Detection Using a Convolutional Neural Network	http://doi.org/10.1109/TBME.2017.2711529	C	FM, BM	C	feature-based representation of the original image improves color decomposition (CD) and subsequent nuclear detection using convolutional neural networks independent of the imaging modality.
107	Khosravi P et al.	Deep Convolutional Neural Networks Enable Discrimination of Heterogeneous Digital Pathology Images	https://doi.org/10.1101/197517	C	FM, BM	T	a stand-alone pipeline to effectively classify different histopathology images across different types of cancer. In particular, we demonstrate the utility of our pipeline to discriminate between two subtypes of lung cancer, four biomarkers of bladder cancer, and five biomarkers of breast cancer. In addition, pipeline is applied to discriminate among four immunohistochemistry (IHC) staining scores of bladder and breast cancers.
108	Kimmel J et al.	Deep convolutional and recurrent neural networks for cell motility discrimination and prediction	https://doi.org/10.1101/159202	C	FM, BM	C	apply CNNs to classify different motility behaviors using two novel approaches. The first approach represents motility explicitly as a 3D space with markers denoting a cell’s location at each time point, and the second utilizes recurrent long-term short-term memory (LSTM) units to represent the temporal dimension implicitly. Both 3D CNNs and convolutional-recurrent neural networks (RNNs) provide accurate classification of simulated motility behaviors, the experimentally measured motility behaviors of multiple cell types, and characteristic motility behaviors of muscle stem cell differentiation states.
109	Klibisz A et al.	Fast, simple calcium imaging segmentation with fully convolutional networks	http://doi.org/10.1007/978-3-319-67558-9_33	S	FM	C	Calcium imaging is a technique for observing neuron activity as a series of images showing indicator fluorescence over time. evaluated several deep learning models for ACIS on the Neurofinder competition datasets and report our best model: U-Net2DS, a fully convolutional network that operates on 2D mean summary images
110	Kose K et al.	A multiresolution deep learning framework for automated annotation of reflectance confocal microscopy images	http://doi.org/10.1364/MICROSCOPY.2018.MTh2A.1	P	FM	C	describe a new multiresolution “nested encoder-decoder” convolutional network architecture and use it to annotate morphological patterns in reflectance confocal microscopy (RCM) images of human skin for aiding cancer diagnosis.
111	Kraus  Z et al.	Automated analysis of high-content microscopy data with deep learning	https://doi.org/10.15252/msb.20177551	C	FM	SB	Using a deep convolutional neural network (DeepLoc) to analyze yeast cell images, we show improved performance over traditional approaches in the automated classification of protein subcellular localization.
112	Kraus OZ et al.	Classifying and segmenting microscopy images with deep multiple instance learning	http://doi.org/10.1093/bioinformatics/btw252	C, S	FM	C	develop an approach that combines deep convolutional neural networks (CNNs) with multiple instance learning (MIL) in order to classify and segment microscopy images using only whole image level annotations.
113	Kwak JT et al.	Nuclear Architecture Analysis of Prostate Cancer via Convolutional Neural Networks	http://doi.org/10.1109/ACCESS.2017.2747838	C	BM	T	present an approach of convolutional neural networks (CNNs) to identify prostate cancers. Prostate tissue specimen samples were obtained from the tissue microarrays and digitized. For each sample, epithelial nuclear seeds were identified and used to generate a nuclear seed map, i.e., only the location information of epithelial nuclei was utilized. From the nuclear seed maps, CNNs sought to learn the high-level feature representation of nuclear architecture and to detect cancers.
114	Kwok S et al.	Multiclass Classification of Breast Cancer in Whole-Slide Images	http://doi.org/10.1007/978-3-319-93000-8_106	C	BM	T	propose a deep learning-based framework that classifies H&E stained WSIs into regions of normal tissue, benign lesion, in-situ carcinoma and invasive carcinoma. The framework utilizes both microscopy images and WSIs to train a patch classifier in two stages
115	Laine RF et al.	Structured illumination microscopy combined with machine learning enables the high throughput analysis and classification of virus structure	https://doi.org/10.1101/266551	C	BM	C	approach on viruses produced for oncolytic viriotherapy (Newcastle Disease Virus) and vaccine development (Influenza). This unique tool enables the rapid assessment of the quality of viral production with high throughput obviating the need for complex and time consuming traditional batch testing methods
116	Lee G-G et al.	Stem cell detection based on Convolutional Neural Network via third harmonic generation microscopy images	http://doi.org/10.1109/ICOT.2017.8336085	C	BM	C,T	proposed a criterion of Computer-Aided Diagnosis (CAD) system to detect stem cells in the stratum basale based on cell segmentation algorithm and intrinsic characteristics of cells, which can provide consistent and accurate results for assisting the assessment of diagnosis.
117	Leena Silvoster M et al.	Enhanced CNN based electron microscopy image segmentation	http://doi.org/10.2478/cait-2012-0014	S	EM	C	proposes an approach using perceptual grouping via a graph cut and its combinations with Convolutional Neural Network (CNN) to achieve improved segmentation of SEM images. Experimental results demonstrate improved computational efficiency with linear running time.
118	Li H et al.	A Hierarchical Convolutional Neural Network for vesicle fusion event classification	http://doi.org/10.1016/j.compmedimag.2017.04.003	C	FM	C	present a framework to automatically detect fusion events. First, an iterative searching algorithm is developed to extract image patch sequences containing potential events. Then, we propose an event image to integrate the critical image patches of a candidate event into a single-image joint representation as the input to Convolutional Neural Networks (CNNs).
119	Li Hen et al.	Cell Dynamic Morphology Classification Using Deep Convolutional Neural Networks	https://doi.org/10.1002/cyto.a.23490	C	BM	C	An application of convolutional neural networks (CNNs) to mouse lymphocytes cell dynamic morphology classification 
120	Li R et al.	Deep Learning Segmentation of Optical Microscopy Images Improves 3-D Neuron Reconstruction	http://doi.org/10.1109/TMI.2017.2679713	S	BM	C	proposed to use 3-D convolutional neural networks (CNNs) for segmenting the neuronal microscopy images. Specifically, we designed a novel CNN architecture, that takes volumetric images as the inputs and their voxel-wise segmentation maps as the outputs. The developed architecture allows us to train and predict using large microscopy images in an end-to-end manner
121	Li Y et al.	DLBI: Deep learning guided Bayesian inference for structure reconstruction of super-resolution fluorescence microscopy	http://doi.org/10.1093/bioinformatics/bty241	P	FM	SB	A simulator that takes a high-resolution image as the input, and simulates time-series low-resolution fluorescent images based on experimentally calibrated parameters, which provides supervised training data to the deep learning model. Then, a multi-scale deep learning module for capturing both spatial information in each input low-resolution image as well as temporal information among the time-series images. And the last one is a Bayesian inference module that takes the image from the deep learning module as the initial localization of fluorophores and removes artifacts by statistical inference.
122	Liang L et al.	A deep learning approach to estimate chemically-treated collagenous tissue nonlinear anisotropic stress-strain responses from microscopy images	http://doi.org/10.1016/j.actbio.2017.09.025	C	FM	T	Deep Learning model was designed and trained to process second harmonic generation (SHG) images of collagen networks in GLBP tissue samples, and directly predict the tissue elastic mechanical properties.
123	Litjens  G et al.	Deep learning as a tool for increased accuracy and efficiency of histopathological diagnosis	https://doi.org/10.1038/srep26286	C	BM	T	DL technique to improve the objectivity and efficiency of histopathologic slide analysis by identifying prostate cancer in biopsy specimens and breast cancer metastasis detection in sentinel lymph nodes. Demonstrate that DL techniques reduce the workload for pathologists, while at the same time increasing objectivity of diagnoses.
124	Liu K et al.	Fast 3D cell tracking with wide-field fluorescence microscopy through deep learning	http://arxiv.org/abs/1805.05139v2	C	FM	C	propose a CNN to retrieve the 3D locations of the fluorophores from a single 2D image captured by a conventional wide-field fluorescence microscope without any hardware modification. Method is robust enough to localize multiple objects across a much larger axial range
125	López YP et al.	Automatic classification of light field smear microscopy patches using Convolutional Neural Networks for identifying Mycobacterium Tuberculosis	http://doi.org/10.1109/DISTRA.2017.8229512	C	BM	C	a method for automatic classification of light field smear microscopy patches using RGB, R-G and grayscale patches versions as inputs of a Convolutional Neural Networks (CNN) model for identifying mycobacterium tuberculosis
126	Lu A et al.	Learning unsupervised feature representations for single cell microscopy images with paired cell inpainting	https://doi.org/10.1101/395954	C	FM	C	an unsupervised deep learning method that learns features for representing single cells in fluorescence microscopy image. Authors demonstrate that the features learned through their training task surpass other unsupervised feature sets in discriminating phenotypes for both yeast and human cells
127	Madsen J et al.	A deep learning approach to identify local structures in   atomic-resolution transmission electron microscopy images	http://arxiv.org/abs/1802.03008v2	P	EM	SB	deep learning-based algorithm for recognition of the local structure in TEM images, which is stable to microscope parameters and noise. The neural network is trained entirely from simulation but is capable of making reliable predictions on experimental images.
128	Maitin-Shepard J et al.	Combinatorial Energy Learning for Image Segmentation	http://arxiv.org/abs/1506.04304v3	S	EM	T	new machine learning approach for image segmentation that uses a CNN to model the conditional energy of a segmentation given an image
129	Mao Y et al.	A hierarchical convolutional neural network for mitosis detection in phase-contrast microscopy images	http://doi.org/10.1007/978-3-319-46723-8_79	C	BM	C	Hierarchical Convolution Neural Network (HCNN) for mitosis event detection in time-lapse phase contrast microscopy
130	Marsh JN et al.	Deep Learning Global Glomerulosclerosis in Transplant Kidney Frozen Sections	https://doi.org/10.1101/292789	C	BM	TC	development of a deep learning model that identifies and classifies non-sclerosed and sclerosed glomeruli in whole-slide images of donor kidney frozen section biopsies
131	Matuszewski DJ et al.	Minimal annotation training for segmentation of microscopy images	http://doi.org/10.1109/ISBI.2018.8363599	S	EM	C	a CNN for segmentation of images with minimal annotation in a challenging transmission electron microscopy image dataset of viruses.
132	Mesbah R et al.	Deep convolutional encoder-decoder for myelin and axon segmentation	http://doi.org/10.1109/IVCNZ.2016.7804455	S	BM	SB	Fully automatic method for segmenting myelin and axon from microscopy images of excised mouse spinal cord based on Convolutional Neural Networks (CNNs) and Deep Convolutional Encoder-Decoder
133	Mishra M et al.	Structure-based assessment of cancerous mitochondria using deep networks	http://doi.org/10.1109/ISBI.2016.7493327	C	EM	SB	deep learning-based approach to quantitatively assess the structure of mitochondria isolated from liver tumor cell lines using convolutional neural network (CNN)
134	Mobadersany  P et al.	Predicting cancer outcomes from histology and genomics using convolutional networks	https://doi.org/10.1101/198010	C	BM	T	a computational approach for learning patient outcomes from digital pathology images using deep learning to combine the power of adaptive machine learning algorithms with traditional survival models
135	Murthy  V et al.	Center-Focusing Multi-task {CNN} with Injected Features for Classification of Glioma Nuclear Images	https://doi.org/10.1109%2Fwacv.2017.98	C	BM	C	Classifying the various shapes and attributes of a glioma cell nucleus
136	Naito T et al.	Identification and segmentation of myelinated nerve fibers in a cross-sectional optical microscopic image using a deep learning model	http://doi.org/10.1016/j.jneumeth.2017.08.014	S	BM	T	nerve fiber identification and segmentation using Convolutional Neural Networks
137	Nanni L et al.	Bioimage Classification with Handcrafted and Learned Features	http://doi.org/10.1109/TCBB.2018.2821127	C	BF,FM	C,SB	General Purpose (GenP) bioimage classification method that can be applied to a large range of classification problems
138	Nazeri K et al.	Two-Stage Convolutional Neural Network for Breast Cancer Histology Image Classification	http://doi.org/10.1007/978-3-319-93000-8_81	C	BM	T	"explores the problem of breast tissue classification of microscopy images with two ""patch-wise"" network one to detet features and one to classify"
139	Nehme E et al.	Deep-STORM: Super-resolution single-molecule microscopy by deep learning	http://doi.org/10.1364/OPTICA.5.000458	P	FM	SB	an ultrafast, precise, parameter-free method, which we term Deep-STORM, for obtaining superresolution images from stochastically blinking emitters, such as fluorescent molecules used for localization microscopy.
140	Nguyen T et al.	A deep-learning approach for high-speed Fourier ptychographic microscopy	http://doi.org/10.1364/3D.2018.JTh3A.6	P	BM	C	CNN framework to reconstruct video sequence of dynamic live cells captured using a computational microscopy technique
141	Nguyen T et al.	Deep learning bi-telecentric digital holographic microscopy for aberration compensation applied to cancer cells	http://doi.org/10.1364/DH.2017.Tu2A.5	P	O	O	background removal
142	Nie W-Z et al.	3D Convolutional Networks-Based Mitotic Event Detection in Time-Lapse Phase Contrast Microscopy Image Sequences of Stem Cell Populations	http://doi.org/10.1109/CVPRW.2016.171	C	BM	C	mitotic event detection in time-lapse phase contrast microscopy image sequences of stem cell populations
143	Niioka H et al.	Classification of C2C12 cells at differentiation by convolutional neural network of deep learning using phase contrast images	http://doi.org/10.1007/s13577-017-0191-9	C	BM	C	CNN algorithm for automatic cellular differentiation recognition of myogenic C2C12 cell line with phase contrast microscopy
144	Nishimoto S et al.	Predicting the future direction of cell movement with convolutional neural networks	https://doi.org/10.1101/388033	C	BM	C	CNNs prospectively predicted the future direction of cell movement with high accuracy from a single image patch of a cell at a certain time
145	Nyawira I et al.	Understanding neural pathways in zebrafish through deep learning and high resolution electron microscope data	http://doi.org/10.1145/3219104.3229285	S	EM	SB	exploring deep learning’s potential to automate segmentation of high-resolution scanning electron microscope (SEM) image data
146	Ounkomol C et al.	Three dimensional cross-modal image inference: label-free methods for subcellular structure prediction	https://doi.org/10.1101/216606	C	FM and BM	SB	present a tool for the prediction of fluorescently labeled structures in live cells solely from 3D brightfield microscopy images
147	Ounkomol C et al.	Label-free prediction of three-dimensional fluorescence images from transmitted light microscopy	https://doi.org/10.1101/289504	C	FM	C	redicting 3D fluorescence directly from transmitted light images and demonstrate that it can be used to generate multi-structure, integrated images
148	Ouyang W et al.	Deep learning massively accelerates super-resolution localization microscopy	http://doi.org/10.1038/nbt.4106	P	FM	SB	artificial neural networks to reconstruct super-resolution views from sparse, rapidly acquired localization images and/or widefield images
149	Oztel I et al.	Mitochondria segmentation in electron microscopy volumes using deep convolutional neural network	http://doi.org/10.1109/BIBM.2017.8217827	S	EM	SB	Deep convolutional neural network approach for automatic segmentation of mitochondria in brain tissue, specifically the CA1 hippocampus region imaged by an focusedion beam scanning electron microscope.
150	Öztürk Ş et al.	A convolutional neural network model for semantic segmentation of mitotic events in microscopy images	http://doi.org/10.1007/s00521-017-3333-9	S	BM, Transmitted, O	C	Semantic segmentation Convolutional neural network CNN Mitosis segmentation 
151	Pahariya G et al.	High precision automated detection of labeled nuclei in terabyte-scale whole-brain volumetric image data of mouse	https://doi.org/10.1101/252247	C	FM	C	mitosis detection is based on DL which performs data aggregation using CNN via additional crowdsourcing layer (AggNet).
152	Pan X et al.	Cell detection in pathology and microscopy images with multi-scale fully convolutional neural networks	http://doi.org/10.1007/s11280-017-0520-7	C	BM,FM	C	novel multi-scale fully convolutional neural networks approach for regression of a density map to robustly detect the nuclei of pathology and microscopy images
153	Panicker RO et al.	Automatic detection of tuberculosis bacilli from microscopic sputum smear images using deep learning methods	http://doi.org/10.1016/j.bbe.2018.05.007	C	BM	C	An automatic method for the detection of Tuberculosis (TB) bacilli from microscopic sputum smear images
154	Pärnamaa T et al.	Accurate classification of protein subcellular localization from high-throughput microscopy images using deep learning	http://doi.org/10.1534/g3.116.033654	C	FM	SB	automatically detecting the cellular compartment where a fluorescently-tagged protein resides in yeast cells
155	Pawlowski  N et al.	Automating Morphological Profiling with Generic Deep Convolutional Networks	https://doi.org/10.1101%2F085118	C	FM	C	transfer activation features of generic deep convolutional networks to extract features for morphological profiling
156	Penas KED et al.	Malaria Parasite Detection and Species Identification on Thin Blood Smears Using a Convolutional Neural Network	http://doi.org/10.1109/CHASE.2017.51	C	BM	SB	detecting malaria parasites through images of thin blood smears
157	Phan  HTH et al.	An unsupervised long short-term memory neural network for event detection in cell videos	https://arxiv.org/abs/1709.02081	C	BM	C	an automatic unsupervised cell event detection and classification method, which expands convolutional Long Short-Term Memory (LSTM) neural networks, for cellular events in cell video sequences
158	Pitkäaho T et al.	Performance of autofocus capability of deep convolutional neural networks in digital holographic microscopy	http://doi.org/10.1364/DH.2017.W2A.5	P	O	O	Autofocus
159	Qaiser  T et al.	HER2 challenge contest: a detailed assessment of automated HER2 scoring algorithms in whole slide images of breast cancer tissues	https://doi.org/10.1111/his.13333	P,C	BM	T	Benchmark for comparing the performance of automated algorithms for scoring of HER2. It also demonstrates the enormous potential of automated algorithms in assisting the pathologist with objective IHC scoring.
160	Qiao H et al.	GPU-based deep convolutional neural network for tomographic phase microscopy with ℓ1 fitting and regularization	http://doi.org/10.1117/1.JBO.23.6.066003	P	O	C	deep convolutional neural network to improve the performance of phase tomography
161	Qiu Y et al.	Applying deep learning technology to automatically identify metaphase chromosomes using scanning microscopic images: An initial investigation	http://doi.org/10.1117/12.2217418	C	FM	SB	identify metaphase chromosomes with deep learning high accuracy
162	Quan TM et al.	FusionNet: A deep fully residual convolutional neural network for image   segmentation in connectomics	http://arxiv.org/abs/1612.05360v2	S	EM	T,C	automatic segmentation of neuronal structures in connectomics data.
163	Quay M et al.	Designing deep neural networks to automate segmentation for serial block-face electron microscopy	http://doi.org/10.1109/ISBI.2018.8363603	S	EM	C,SB	DNN to automate segmentation for serial block-face electron microscopy
164	Quinn JA et al.	Deep Convolutional Neural Networks for Microscopy-Based Point of Care   Diagnostics	http://arxiv.org/abs/1608.02989v1	C	BM	C	evaluate the performance of deep convolutional neural networks on three different microscopy tasks: diagnosis of malaria in thick blood smears, tuberculosis in sputum samples, and intestinal parasite eggs in stool samples.
165	Rajasekaran K et al.	An accurate perception method for low contrast bright field microscopy in heterogeneous microenvironments	http://doi.org/10.3390/app7121327	C	BM	SB	optical tweezers-based robotic manipulation using deep learning for perceiving objects of both regular and irregular shapes in heterogeneous microenvironments of varying compositions
166	Rakhlin A et al.	Deep Convolutional Neural Networks for Breast Cancer Histology Image Analysis	http://doi.org/10.1007/978-3-319-93000-8_83	C	BM	T	deep convolution neural networks for breast cancer histology image classification
167	Rao Q et al.	Automatically segmenting and reconstructing neurons in SEM images	http://doi.org/10.1109/ICMA.2016.7558857	S	EM	C	DCNN is used for neuronal boundary detection; and then, with the membrane detection probability map (MDPM) generated by DCNN, a marker-controlled watershed method is applied to segment neurons in the EM images over the MDPM
168	Rao Q et al.	Deep learning and shapes similarity for joint segmentation and tracing single neurons in SEM images	http://doi.org/10.1117/12.2254284	S	EM	C	Automated Tape-collecting Ultra Microtome Scanning Electron Microscopy (ATUM-SEM). method that enhances the SEM images by detecting the neuronal membranes with deep convolutional neural network (DCNN) and segments single neurons by active contour with group shape similarity.
169	Ravì D et al.	Effective deep learning training for single-image super-resolution in endomicroscopy exploiting video-registration-based reconstruction	http://doi.org/10.1007/s11548-018-1764-0	P	FM	C	
170	Raza SEA et al.	Micro-Net: A unified model for segmentation of various objects in microscopy images	http://arxiv.org/abs/1804.08145v1	S	FM,BM	C,SB	segment cells, nuclei and glands
171	Raza SEA et al.	MIMO-Net: A multi-input multi-output convolutional neural network for cell segmentation in fluorescence microscopy images	http://doi.org/10.1109/ISBI.2017.7950532	S	FM	C	multiple-input multiple-output convolution neural network (MIMO-Net) for cell segmentation in fluorescence microscopy images
172	Rempfler M et al.	Tracing cell lineages in videos of lens-free microscopy	http://doi.org/10.1016/j.media.2018.05.009	C	BM	C	a cell detector for LFM images based on fully convolutional networks and residual learning, and (2) a probabilistic model based on moral lineage tracing that explicitly handles multiple detections and temporal successor hypotheses by clustering and tracking simultaneously
173	Ren  J et al.	Adversarial Domain Adaptation for Classification of Prostate Histopathology Whole-Slide Images	https://arxiv.org/abs/1806.01357	C	BM	T	Automatic and accurate Gleason grading of histopathology tissue slides with Adversarial Domain Adaptation for Classification of Prostate Histopathology Whole-Slide Images
174	Rezaeilouyeh H et al.	Microscopic medical image classification framework via deep learning and shearlet transform	http://doi.org/10.1117/1.JMI.3.4.044501	C	BM	T	diagnosing cancer from tissue with deep learning using the magnitude and phase of shearlet coefficients as extra information to the network
175	Rivenson  Y et al.	Phase recovery and holographic image reconstruction using deep learning in neural networks	https://doi.org/10.1038/lsa.2017.141	P	BM	T	Microscopic hologram reconstruction for human tissue sections
176	Rivenson Y et al.	Deep Learning Enhanced Mobile-Phone Microscopy	http://doi.org/10.1021/acsphotonics.8b00146	P	BM	T	Pictures taken from mobile phone are reconstructed (removal of distortions and denoising) with Deep Learning
177	Rivenson Y et al.	Deep learning microscopy: Enhancing resolution, field-of- view and depth-of-field of optical microscopy images using neural networks	http://doi.org/10.1364/CLEO_AT.2018.AM1J.5	P	BM	T	Enhance resolution, depth of field and field of view of optical microscopy images with Deep Learning.
178	Rivenson Y et al.	Toward a Thinking Microscope: Deep Learning in Optical Microscopy and Image Reconstruction	http://arxiv.org/abs/1805.08970v1	P	HE	O	microscopic image reconstruction for lung, kidney, breast tissue sections
179	Rivenson Y et al.	PhaseStain: Digital staining of label-free quantitative phase microscopy images using deep learning	http://arxiv.org/abs/1807.07701v1	P	HE and BM	O	virtual staining approach using sections of human skin, kidney and liver tissue, matching the brightfield microscopy images of the same samples stained with H&E (Hematoxylin and Eosin), Jones’ stain, and Masson’s trichrome stain, respectively.
180	Robitaille L et al.	Learning to Become an Expert: Deep Networks Applied To Super-Resolution Microscopy	http://arxiv.org/abs/1803.10806v1	P	STED	O	learning the quality function of super- resolution images from scores provided by experts, a system based on a deep neural network that can provide a quantitative quality measure of a STED image of neuronal structures given as input
181	Roels J et al.	Convolutional neural network pruning to accelerate membrane segmentation in electron microscopy	http://doi.org/10.1109/ISBI.2017.7950600	S	EM	SB	Optimization of a CNN for membrane segmentation (mitochondria and endoplasmic reticula)
182	Romo-Bucheli  D et al.	A deep learning based strategy for identifying and associating mitotic activity with gene expression derived risk categories in estrogen receptor positive breast cancers	https://doi.org/10.1002/cyto.a.23065	C	BM	T	Development a deep learning classifier to identify mitotic figures from whole slides images of breast cancer
183	Ronneberger  O et al.	U-Net: Convolutional Networks for Biomedical Image Segmentation	https://doi.org/10.1007/978-3-319-24574-4_28	S	EM,DIC	T,C	Segmentation of neuronal structures with a U-Net neural network
184	Sabbaghi S et al.	A deep bag-of-features model for the classification of melanomas in dermoscopy images	http://doi.org/10.1109/EMBC.2016.7590962	C	BM	C	Classification of cancer and non-cancer regions of skin with SIFT and colour descriptors
185	Sadanandan  K et al.	Spheroid Segmentation Using Multiscale Deep Adversarial Networks	https://doi.org/10.1109/iccvw.2017.11	S	BM	C	Adversarial (GAN) segmentation of spheroids
186	Sadanandan  K et al.	Automated Training of Deep Convolutional Neural Networks for Cell Segmentation	https://doi.org/10.1038/s41598-017-07599-6	S	FM	C	Automated segmentation of cells with training done with flurescent proteins enabled over the last frame.
187	Sadanandan SK et al.	Feature augmented deep neural networks for segmentation of cells	http://doi.org/10.1007/978-3-319-46604-0_17	S	BM,FM	C	Improved segmentation by using hessian (2nd order derivative) and wavelet filtering of the images
188	Sailem H et al.	Discovery of Rare Phenotypes in Cellular Images Using Weakly Supervised Deep Learning	http://doi.org/10.1109/ICCVW.2017.13	P	FM	C	Shows a way to deal with weakly annotated datasets, which happens when there are huge datasets loosely annotated due to the lack of resources available.
189	Saponaro P et al.	DeepXScope: Segmenting Microscopy Images with a Deep Neural Network	http://doi.org/10.1109/CVPRW.2017.117	S	FM	T	Individual cell segmentation from plant tissues.
190	Schaumberg AJ et al.	DeepScope: Nonintrusive Whole Slide Saliency Annotation and Prediction from Pathologists at the Microscope	https://doi.org/10.1101/097246	C	BM	T	Creation of whole-slide image saliency maps to help human annotaters interesting parts of images.
191	Schaumberg AJ et al.	H&E-stained Whole Slide Image Deep Learning Predicts SPOP Mutation State in Prostate Cancer	https://doi.org/10.1101/064279	C	BM	T	Prediction of a mutation (SPOP) in protaste cancer whole slide images.
192	Schaumberg AJ et al.	Large-Scale Annotation of Histopathology Images from Social Media	https://doi.org/10.1101/396663	C	BM	T	Classification of types of tissues from a dataset created from images shared by pathologists on twitter.
193	Scheeder  C et al.	Machine learning and image-based profiling in drug discovery	https://doi.org/10.1016/j.coisb.2018.05.004	S,C	FM	C	Creation of a pipeline for helping research in new drugs discovery.
194	Schubert P et al.	Learning cellular morphology with neural networks	https://doi.org/10.1101/364034	S	EM	SB	3D Segmentation of neuron synapses.
195	Shahbazi A et al.	Flexible Learning-Free Segmentation and Reconstruction for Sparse Neuronal Circuit Tracing	https://doi.org/10.1101/278515	S	EM	C	Creation of a learning-free method for sparse segmentation and reconstruction of neural volumes.
196	Sheikhzadeh F et al.	Automatic labeling of molecular biomarkers of immunohistochemistry images using fully convolutional networks	http://doi.org/10.1371/journal.pone.0190783	C	BM	T	Automated detection and classification of molecular biomarkers of tissues.
197	Shen W et al.	Multi-stage Multi-recursive-input Fully Convolutional Networks for   Neuronal Boundary Detection	http://arxiv.org/abs/1703.08493v2	S	EM	O	multiple sequential stages for multi-scale contextual boundary information
198	Shkolyar A et al.	Automatic detection of cell divisions (mitosis) in live-imaging microscopy images using Convolutional Neural Networks	http://doi.org/10.1109/EMBC.2015.7318469	C	BM	C	Using a deep learning classifier it is possible to detect mitotic cells.
199	Sibley AR et al.	Simultaneous segmentation and classification of multichannel immuno-fluorescently labeled confocal microscopy images using deep convolutional neural networks	http://doi.org/10.1117/12.2292934	S,C	FM	T	"""deep learning methodology for application to nuclear and cell membrane immunofluorescent stains to automatically segment and classify multiple T-cell and dendritic cell types"""
200	Singh SP et al.	Machine learning based classification of cells into chronological stages using single-cell transcriptomics.	https://doi.org/10.1101/303214	C	FM	C	"""Detection of premature aging in cells in order to provide a window for preventive therapies against age-related diseases."""
201	Sirinukunwattana  K et al.	Locality Sensitive Deep Learning for Detection and Classification of Nuclei in Routine Colon Cancer Histology Images	https://doi.org/10.1109/tmi.2016.2525803	C	BM	T	A neural network gives a per pixel prediction of the likelihood of being a nucleus in order to perform nucleus detection
202	Sirinukunwattana  K et al.	Gland segmentation in colon histology images: The glas challenge contest	https://doi.org/10.1016/j.media.2016.08.008	S	BM	T	"""Gland Segmentation in Colon Histology Images Challenge Contest"""
203	Sloun RJGv et al.	Super-resolution Ultrasound Localization Microscopy through Deep Learning	http://arxiv.org/abs/1804.07661v1	C	ULM	O	perform localization microscopy in dense scenarios, trained effectively using on-line synthesized data, enabling robust inference in-vivo under a wide variety of imaging conditions
204	Smirnov MS et al.	An Open-source Tool for Analysis and Automatic Identification of Dendritic Spines Using Machine Learning	https://doi.org/10.1101/281667	C,S	FM	SB	Automatic identification of dendritic spines in live, fluorescent tissue.
205	Smith KP et al.	Automated interpretation of blood culture gram stains by use of a deep convolutional neural network	http://doi.org/10.1128/JCM.01521-17	C	BM	T	"""Automated image acquisition and convolutional neural network (CNN)-based approach for automated Gram stain classification"""
206	Sommer  C et al.	Ilastik: Interactive learning and segmentation toolkit	https://doi.org/10.1109/isbi.2011.5872394	P,S,C	BM,EM,FM	T,C,SB	"""Tool which allows the user without expertise in image processing to perform segmentation and classification in a unified way."""
207	Sommer  C et al.	A Deep Learning And Novelty Detection Framework For Rapid Phenotyping In High-Content Screening	https://doi.org/10.1101/134627	C	FM	C	Creation of a deep learning pipeline for analyzing high-content screening data.
208	Sommer  C et al.	Machine learning in cell biology â€“ teaching computers to recognize phenotypes	https://doi.org/10.1242/jcs.123604	C	FM	C	"""microscopy images can be converted into a data representation suitable for machine learning"" and then classified"
209	Song  Y et al.	Accurate Cervical Cell Segmentation from Overlapping Clumps in Pap Smear Images	https://doi.org/10.1109/tmi.2016.2606380	S	BM	C	"""Accurate segmentation of cervical cells in Pap smear images"""
210	Song Y et al.	Accurate segmentation of cervical cytoplasm and nuclei based on multiscale convolutional network and graph partitioning	http://doi.org/10.1109/TBME.2015.2430895	S	BM	C	"""Accurate segmentation of cervical cells of Cervical Cytoplasm and Nuclei"""
211	Stegmaier J et al.	Cell segmentation in 3D confocal images using supervoxel merge-forests with CNN-based hypothesis selection	http://doi.org/10.1109/ISBI.2018.8363598	S	FM	T	3D segmentation of cluster of cell plants (meristem)
212	Su  H et al.	Robust Cell Detection and Segmentation in Histopathological Images Using Sparse Reconstruction and Stacked Denoising Autoencoders	https://doi.org/10.1007/978-3-319-24574-4_46	S	BM	T	Cell segmentation realized with a stacked denoising autoencoder
213	Su Y-T et al.	Spatiotemporal Joint Mitosis Detection Using CNN-LSTM Network in Time-Lapse Phase Contrast Microscopy Images	http://doi.org/10.1109/ACCESS.2017.2745544	C	BM	C	"Combining (convolutional and long-short-term-memory) neural networks to ""to detect mitotic events in patch sequences"""
214	Suleymanova I et al.	A deep convolutional neural network approach for astrocyte detection	https://doi.org/10.1101/241505	C	BM	C	"Development of ""a fast and fully automated software that assesses the number of astrocytes using Deep Convolutional Neural Networks"""
215	tefko MÅ et al.	Design Principles for Autonomous Illumination Control in Localization Microscopy	https://doi.org/10.1101/295519	S	FM	O	Fluorescence spot segmentation and counting
216	Tellez  D et al.	Whole-Slide Mitosis Detection in H&E Breast Histology Using PHH3 as a Reference to Train Distilled Stain-Invariant Convolutional Networks	https://doi.org/10.1109/tmi.2018.2820199	C	BM	T	"""a method to automatically detect mitotic figures in breast cancer tissue sections based on convolutional neural networks (CNNs)"""
217	Tellez D et al.	H and e stain augmentation improves generalization of convolutional networks for histopathological mitosis detection	http://doi.org/10.1117/12.2293048	C,P	BM	T	Data augmentation to improve classification of eosin (H and E) histological tissue sections classification
218	Thierbach K et al.	Combining Deep Learning and Active Contours Opens The Way to Robust  Automated Analysis of Brain Cytoarchitectonics	https://doi.org/10.1101/297689	S	FM	C	"""accurate [3D] segmentation of neural cell bodies from light-sheet microscopy"""
219	Tokuoka Y et al.	Convolutional Neural Network-Based Instance Segmentation Algorithm to Acquire Quantitative Criteria of Early Mouse Development	https://doi.org/10.1101/324186	S	FM	C	"Creation of a deep learning pipeline that ""segments each nucleus and adds different labels to the detected objects"""
220	Tschopp F et al.	Efficient convolutional neural networks for pixelwise classification on heterogeneous hardware systems	http://doi.org/10.1109/ISBI.2016.7493487	C	EM	T	Transformation of a classification CNN to a segmentation NN to increase speed of predictions.
221	Turkki  R et al.	Antibody-supervised deep learning for quantification of tumor-infiltrating immune cells in hematoxylin and eosin stained breast cancer samples	https://doi.org/10.4103/2153-3539.189703	C	BM	T	"Deep learning quantification of ""immune cell-rich areas in hematoxylin and eosin (H&E) stained samples"""
222	Van Valen DA et al.	Deep Learning Automates the Quantitative Analysis of Individual Cells in Live-Cell Imaging Experiments	http://doi.org/10.1371/journal.pcbi.1005177	S	BM	C	"""approach [that] can robustly segment fluorescent images of cell nuclei as well as phase images of the cytoplasms of individual bacterial and mammalian cells"""
223	Veta  M et al.	Predicting breast tumor proliferation from whole-slide images: the TUPAC16 challenge.	https://arxiv.org/abs/1807.08284	C, S	BM	T	Presents the results of a breast cancer tumor proliferation challenge in which 10/11 submitted methods utilized deep learning at some point in their analysis pipeline.
224	Vicar T et al.	Label-free nuclear staining reconstruction in quantitative phase images using deep learning	http://doi.org/10.1007/978-981-10-9035-6_43	P	BM, FM, holographic	C, T	Created artificial, fluorescence-like nuclei labeling from label-free images using CNNs.
225	Vu QD et al.	Micro and Macro Breast Histology Image Analysis by Partial Network Re-use	http://doi.org/10.1007/978-3-319-93000-8_102	C, S	BM	T	A CNN with combined architectural components and weights for classification and segmentation of breast cancer images.
226	Wang  H et al.	Deep learning achieves super-resolution in fluorescence microscopy	https://doi.org/10.1101/309641	P	FM	SB	Utilized GANs to transform low-resolution images into high-resolution images
227	Wang C et al.	Edge Detection of Cryptic Lamellipodia Assisted by Deep Learning	https://doi.org/10.1101/181263	C	FM	C	Combined conventional image analysis algorithms with CNNs to detect edges in time-lapse movies of collective cell migration.
228	Wang C et al.	vU-net: accurate cell edge segmentation in time-lapse fluorescence live cell images based on convolutional neural network	https://doi.org/10.1101/191858	S	FM	C	Proposed vU-net, integrating a VGG-161 pretrained encoder and a U-net2 derived convolutional network to reconstruct cell edges in time-lapse imagery.
229	Wang F et al.	DeepPicker: A deep learning approach for fully automated particle picking in cryo-EM	http://doi.org/10.1016/j.jsb.2016.07.006	C	EM	SB	Particles from multiple molecular complexes are combined together in an iterative CNN based pipeline to capture common features of particles, thus improving classifications in each consituent target complex.
230	Wang M et al.	Multicell migration tracking within angiogenic networks by deep learning-based segmentation and augmented Bayesian filtering	http://doi.org/10.1117/1.JMI.5.2.024005	S	BM	C	CNN based cell detection combined with backward Kalman filtering for tracking (incorporating prior knowledge on vessel formation and cell proliferation rates).
231	Wang Q et al.	Accurate and high throughput cell segmentation method for mouse brain nuclei using cascaded convolutional neural network	http://doi.org/10.1007/978-3-319-67434-6_7	S	FM	C	Proposed a cascading CNN approach to improve segmentation, whereby the probability map from one CNN is passed on as input to a subsequent CNN together with the original images.
232	Wang Y et al.	Stem cell motion-tracking by using deep neural networks with multi-output	http://doi.org/10.1007/s00521-017-3291-2	C, O	BM	C	Formulated a CNN with two output layers, one for mitosis detection and the other - connected to a particle filter based sampling scheme - for cell tracking.
233	Wei L et al.	Neural network control of focal position during time-lapse microscopy of cells	http://doi.org/10.1038/s41598-018-25458-w	P	BM	C	Developed a CNN-based autofocus method for bright-field and phase-contrast microscopy.
234	Weigert  M et al.	Content-Aware Image Restoration: Pushing the Limits of Fluorescence Microscopy	https://doi.org/10.1101/236463	P	FM	C	Utilized a U-Net architecture to perform a range of cell image restoration tasks.
235	Weigert M et al.	Isotropic reconstruction of 3D fluorescence microscopy images using convolutional neural networks	http://doi.org/10.1007/978-3-319-66185-8_15	P	FM	C, T	Used CNNs to restore isotropic image volumes from anisotropic light-optical acquisitions without the need for additional ground truth training data.
236	Wen C et al.	Deep-learning-based flexible pipeline for segmenting and tracking cells in 3D image time series for whole brain imaging	https://doi.org/10.1101/385567	C	FM	C	Applied a 3D U-net architecture to classify pixels as cell or not-cell, follwed by manually corrected watershed cell segmentation, and tracking over space and time using a feed-forward network.
237	Weng S et al.	Combining deep learning and coherent anti-Stokes Raman scattering imaging for automated differential diagnosis of lung cancer	http://doi.org/10.1117/1.JBO.22.10.106017	C	Coherent Anti-Stokes Raman Scattering Imaging O	T	Classified lung cancer tissue using CNNs and transfer learning.
238	Wieslander  H et al.	Deep Convolutional Neural Networks for Detecting Cellular Changes Due to Malignancy	https://doi.org/10.1109/iccvw.2017.18	C	BM	C	Compared CNN architectures (ResNet & VGG) for classifying oral and cervical cancer cells.
239	Wollmann T et al.	Deep residual Hough voting for mitotic cell detection in histopathology images	http://doi.org/10.1109/ISBI.2017.7950533	C	BM	C	Combined a ResNet architecture with Hough voting for mitotic cell detection.
240	Wollmann T et al.	Multi-channel deep transfer learning for nuclei segmentation in glioblastoma cell tissue images	http://doi.org/10.1007/978-3-662-56537-7_83	S	FM	C	Applied a U-Net architecture combined with atrous spatial pyramid pooling and transfer learning for cell segmentation.
241	Wu J et al.	Unsupervised single-particle deep clustering via statistical manifold   learning	http://arxiv.org/abs/1604.04539v2	C	EM	SB	Presents a manifold learning algorithm for unsupervised single-particle deep clustering.
242	Xiao C et al.	Deep contextual residual network for electron microscopy image segmentation in connectomics	http://doi.org/10.1109/ISBI.2018.8363597	S	EM	C, T	Utilized a spatially efficient residual network with multilevel contextual cues for improved segmentation performance.
243	Xiao C et al.	An effective fully deep convolutional neural networks for mitochondria segmentation based on ATUM-SEM	http://doi.org/10.1117/12.2293291	S	EM	SB	Proposed a very deep FCN (fusing Resnet, PSPnet and Inception arcitectures) followed by a fully connected conditional random field for mitochondrial segmentation.
244	Xiao C et al.	Effective automated pipeline for 3D reconstruction of synapses based on deep learning	http://doi.org/10.1186/s12859-018-2232-0	C	EM	T	Adopts Faster Region Convolutional Neural Networks (Faster R-CNN) algorithm to detect synapses.
245	Xie  Y et al.	Beyond Classification: Structured Regression for Robust Cell Detection Using Convolutional Neural Network	https://doi.org/10.1007/978-3-319-24574-4_43	C	BM	C	Proposes a CNN based architecture with a final structured regression layer to encode topological information for cell detection.
246	Xie W et al.	Microscopy cell counting and detection with fully convolutional regression networks	http://doi.org/10.1080/21681163.2016.1149104	C	FM	C	Developed Fully Convolutional Regression Networks (FCRNs), estimating density maps, for cell counting and detection.
247	Xie Y et al.	Deep Voting and Structured Regression for Microscopy Image Analysis	http://doi.org/10.1016/B978-0-12-810408-8.00009-2	C	FM	C	Proposed: a CNN-based hough voting method to localize nucleus centroids accounting for voting confidence and; a CNN-based structured regression model to deal with overlapping cells.
248	Xu M et al.	A deep convolutional neural network for classification of red blood cells in sickle cell anemia	http://doi.org/10.1371/journal.pcbi.1005746	C	BM	C	Applied a CNN to classify red blood cells to extracted patch based images of individual cells.
249	Xu YKT et al.	Deep learning for high-throughput quantification of oligodendrocyte ensheathment: a UNet architecture to extract multiple morphological parameters from individual cells	https://doi.org/10.1101/389932	S	BM, FM	SB	Employed a UNet architecture for myelin segmentation within cells.
250	Xue Y et al.	A novel framework to integrate convolutional neural network with compressed sensing for cell detection	http://doi.org/10.1109/ICIP.2017.8296696	C	BM	C	Combined CNNs with compressed-sensing based output encoding for cell detection and localization.
251	Yang  L et al.	BoxNet: Deep Learning Based Biomedical Image Segmentation Using Boxes Only Annotation	https://arxiv.org/abs/1806.00593	S	BM, EM	C, T	Developed a method combining weakly supervised deep learning box annotation and grid search for locating object boundaries.
252	Yi F et al.	Automated red blood cells extraction from holographic images using fully convolutional neural networks	http://doi.org/10.1364/BOE.8.004466	S	holographic O	C	Combined FCNs with marker-controlled watershed segmentation on red blood cells.
253	Yoo I et al.	ssEMnet: Serial-section electron microscopy image registration using a spatial transformer network with learned features	http://doi.org/10.1007/978-3-319-67558-9_29	P	EM	T	Combined a spatial transformer network and a convolutional autoencoder for image alignment.
254	Yu C et al.	Acral melanoma detection using a convolutional neural network for dermoscopy images	http://doi.org/10.1371/journal.pone.0193321	C	dermoscopy O	T	Applied a CNN with transfer learning to dermoscopy images of acral melanoma.
255	Yu H et al.	Phenotypic Antimicrobial Susceptibility Testing with Deep Learning Video Microscopy	http://doi.org/10.1021/acs.analchem.8b01128	C	BM	C	Videos of bacteria in urine were recorded over time and compressed into static images containing single cell features subsequently used in a DNN to determine pathogen concentrations.
256	Yu L et al.	Automated Melanoma Recognition in Dermoscopy Images via Very Deep Residual Networks	http://doi.org/10.1109/TMI.2016.2642839	C	dermoscopy O	T	Integrated a very deep (more than 50 layers) fully convolutional residual network (for segmentation) with another very deep residual networks (for classification). 
257	Yu X et al.	Classify epithelium-stroma in histopathological images based on deep transferable network	http://doi.org/10.1111/jmi.12705	C	BM	T	Presented a transfer learning based CNN with unsupervised domain adaptation for epitheliumstroma classification.
258	Yuan Y et al.	Automatic Skin Lesion Segmentation Using Deep Fully Convolutional Networks with Jaccard Distance	http://doi.org/10.1109/TMI.2017.2695227	S	dermoscopy O	T	Utilized CNNs with a Jaccard distance based loss function, to deal with imbalance between foreground and background pixels, for skin lesion segmentation.
259	Zaimi A et al.	AxonDeepSeg: Automatic axon and myelin segmentation from microscopy data using convolutional neural networks	http://doi.org/10.1038/s41598-018-22181-4	S	EM	SB	Introduced AxonDeepSeg, an open-source software that performs axon and myelin segmentation of microscopic images using a U-Net inspired architecture.
260	Zang  L et al.	DeepPap: Deep Convolutional Networks for Cervical Cell Classification.	https://doi.org/10.1109/JBHI.2017.2705583	C	BM	C	Applied transfer learning and CNNs for cervical cell classification.
261	Zeng T et al.	DeepEM3D: approaching human-level performance on 3D anisotropic EM image segmentation	http://doi.org/10.1093/bioinformatics/btx188	S	EM	SB	Proposed a hybrid 3D-2D fully convolutional architecture, accounting for anisotropy, for 3D neurite segmentation.
262	Zhang H et al.	High-throughput high-resolution Generated Adversarial Network Microscopy	http://arxiv.org/abs/1801.07330v1	P	BM, FM	T, C, SB	Combined GANs with wide-field light images to generate their super-resolution counterparts under a large field of view.
263	Zhou Y et al.	Cell mitosis detection using deep neural networks	http://doi.org/10.1016/j.knosys.2017.08.016	C	O	C	Proposed a two stage network: (1) a fully convolutional network to detect potential mitosis events; (2) a 3D-CNN (time being the third dimension), to incorporate spatiotemporal information, and further discriminates candidates. 
264	Zhou Z et al.	DeepNeuron: an open deep learning toolbox for neuron tracing	http://doi.org/10.1186/s40708-018-0081-2	C	BM	C	Introduced DeepNeuron, with deep learning modules to solve various problems in neuron tracing, including detection under different image conditions, connecting neurons into trees, and dentrite and axon classification.
265	Zhu R.	An Extended Type Cell Detection and Counting Method based on FCN	http://doi.org/10.1109/BIBE.2017.00-79	C	BM, EM	C	Utilized a fully convolutional network for cell counting and detection.
266	Zhu Y et al.	A deep convolutional neural network approach to single-particle recognition in cryo-electron microscopy	http://doi.org/10.1186/s12859-017-1757-y	C	EM	SB	Used a recursively trained CNN for single-particle recognition from noisy cryo-EM micrographs.
