Remove	id	Author	paper	DOI	DOI	ID1	ID2	Assigned to 	Task	Mode	Application	Summary
z	1	Meijering E et al. (2012)	Methods for cell and particle tracking		http://doi.org/10.1016/B978-0-12-391857-4.00009-4							
z	2	Rodenacker K et al. (2003)	A feature set for cytometry on digitized microscopic images.		http://dx.doi.org/10.1155/2003/548678							
z	3	Sommer  C et al. (2003)	Machine learning in cell biology: teaching computers to recognize phenotypes	https://doi.org/10.1242/jcs.123604	https://doi.org/10.1242/jcs.123604	ma39	535	Nicolas	C	FL	C	
z	4	Camacho  M et al. (2019)	Next-Generation Machine Learning for Biological Networks	https://doi.org/10.1016/j.cell.2018.05.015		ma60	606	Gabriele	 			
z	5	Rosenblatt F et al. (1958)	The perceptron: a probabilistic model for information storage and organization in the brain		http://dx.doi.org/10.1037/h0042519							
z	6	Hubel D et al. (1962)	Receptive fields, binocular interaction and functional architecture in the cat’s visual cortex		https://doi.org/10.1113/jphysiol.1962.sp006837 							
z	7	Bengio  Y et al. (2013)	Representation learning: A review and new perspectives	https://doi.org/10.1109%2Ftpami.2013.50	https://doi.org/10.1109/tpami.2013.50 	ma83	683	Gabriele	 			
z	8	LeCun Y et al. (2015)	Deep learning		https://doi.org/10.1038/nature14539 							
z	9	Rumelhart D et al. (1986)	Learning representations by back-propagating errors		https://doi.org/10.1038/323533a0 							
z	10	Schmidhuber J  (2015)	Deep learning in neural networks: An overview		https://doi.org/10.1016/j.neunet.2014.09.003 							
z	11	LeCun Y et al. (1998)	Gradient-based learning applied to document recognition		https://doi.org/10.1109/5.726791 							
z	12	Cadieu C et al. (2014)	Deep Neural Networks Rival the Representation of Primate IT Cortex for Core Visual ObjectRecognition		https://doi.org/10.1371/journal.pcbi.1003963 							
z	13	Gross C et al. (1972)	Visual properties of neurons in inferotemporal cortex of the Macaque.		https://doi.org/10.1152/jn.1972.35.1.96 							
z	14	Yamins D et al. (2014)	performance-optimized hierarchical models predict neural responses in higher visual cortex		 https://doi.org/10.1073/pnas.1403112111 							
z	15	Ziv R et al. (2017)	Opening the Black Box of Deep Neural Networks via Information		https://arxiv.org/abs/1703.00810v3							
z	16	Litjens  G et al. (2017)	A survey on deep learning in medical image analysis	https://doi.org/10.1016/j.media.2017.07.005		ma15	110	Kimmo				
z	17	Shen D et al. (2017)	Deep learning in medical image analysis		https://doi.org/10.1146/annurev-bioeng-071516-044442 							
z	18	Ravi D et al. (2017)	Deep learning for health informatics		https://doi.org/10.1109/jbhi.2016.2636665 							
z	19	Xing F et al. (2017)	Deep Learning in Microscopy Image Analysis: A Survey	http://doi.org/10.1109/TNNLS.2017.2766168	https://doi.org/10.1109/tnnls.2017.2766168 	sc37	309	Philip	 			
z	20	Nair et al. (2010)	Rectified linear units improve restricted boltzmann machines		https://www.cs.toronto.edu/~hinton/absps/reluICML.pdf							
z	21	Bishop  C et al. (2006)	Pattern Recognition and Machine Learning	ISBN-10: 0-387-31073-8	https://doi.org/10.1016/c2009-0-22409-3 	ma122	630	Gabriele	C			
z	22	Goodfellow  IJ et al. (2017)	Deep learning	https://doi.org/10.1007/s10710-017-9314-z	https://doi.org/10.1007/s10710-017-9314-z 	ma145	285	Håkan	 			
z	23	Hinton G et al. (2016)	Can the brain do back-propagation		https://www.cs.toronto.edu/~hinton/backpropincortex2014.pdf							
z	24	Marblestone A et al. (2016)	Toward an Integration of Deep Learning and Neuroscience		https://doi.org/10.3389/fncom.2016.00094 							
z	25	Srivastava N et al. (2014)	Dropout: a simple way to prevent neural networks from overfitting		http://jmlr.org/papers/v15/srivastava14a.html							
z	26	Ioffe S et al. (2015)	Batch Normalization: Accelerating Deep Network Training by Reducing Internal Covariate Shift		https://arxiv.org/abs/1502.03167							
z	27	He K et al. (2016)	Deep Residual Learning for Image Recognition		https://arxiv.org/abs/1512.03385							
y	28	Sadanandan SK et al. (2016)	Feature augmented deep neural networks for segmentation of cells	http://doi.org/10.1007/978-3-319-46604-0_17	http://doi.org/10.1007/978-3-319-46604-0_17	sc364	401	Nicolas	S	BF, FL	C	Improved segmentation using hessian (2nd order derivative) and wavelet filtering of the images with raw inputs to a CNN model.
z	29	Zeiler  D et al. (2014)	Visualizing and Understanding Convolutional Networks	https://doi.org/10.1007/978-3-319-10590-1_53	 https://doi.org/10.1007/978-3-319-10590-1_53 	ma80	847	Philip	 			
z	30	Hinton  E et al. (2006)	Reducing the Dimensionality of Data with Neural Networks	https://doi.org/10.1126/science.1127647	https://doi.org/10.1126/science.1127647 	ma147	678	Håkan	 			
z	31	Hou X et al.	Deep Feature Consistent Variational Autoencoder		https://doi.org/10.1109/wacv.2017.131 							
z	32	Vincent P et al.	Extracting and composing robust features with denoising autoencoders		https://doi.org/10.1145/1390156.1390294 							
z	33	Turchenko V et al.	Creation of a deep convolutional auto-encoder in Caffe		https://doi.org/10.1109/idaacs.2017.8095172 							
z	34	Goodfellow  IJ et al. (2014)	Generative Adversarial Networks	https://arxiv.org/abs/1406.2661	https://arxiv.org/abs/1406.2661	ma144	417	Håkan	 			
y	35	Su  H et al. (2015)	Robust Cell Detection and Segmentation in Histopathological Images Using Sparse Reconstruction and Stacked Denoising Autoencoders	https://doi.org/10.1007/978-3-319-24574-4_46	https://doi.org/10.1007/978-3-319-24574-4_46	ma143	699	Nicolas	S	BF	T	Improved brain tumor and lung cancer diagnosis by segmenting and detecting cells using a stacked denoising autoencoder.
y	36	Rivenson Y et al. (2017)	Deep learning microscopy: Enhancing resolution, field-of- view and depth-of-field of optical microscopy images using neural networks	http://doi.org/10.1364/CLEO_AT.2018.AM1J.5	http://doi.org/10.1364/CLEO_AT.2018.AM1J.5	sc29	312	Nicolas	P	BF	T	Enhanced optical microscopy image resolution, depth of field, and field of view without any imaging system modification using a CNN model.
y	37	Rivenson Y et al. (2018)	Deep Learning Enhanced Mobile-Phone Microscopy	http://doi.org/10.1021/acsphotonics.8b00146	http://doi.org/10.1021/acsphotonics.8b00146	sc10	298	Nicolas	P	BF	T	Improved mobile phone-based optical image reconstruction by removing distortions and denoising using the CNN model.
y	38	Weigert  M et al. (2017)	Content-Aware Image Restoration: Pushing the Limits of Fluorescence Microscopy	https://doi.org/10.1101/236463	https://doi.org/10.1101/236463	ma37	234	Philip	P	FL	C	Image restoration of several different cells using a U-Net model.
y	39	Wang  H et al. (2018)	Deep learning achieves super-resolution in fluorescence microscopy	https://doi.org/10.1101/309641	https://doi.org/10.1101/309641	ma78	287	Philip	P	FL	SB	Superresolution reconstruction of low-resolution images into high-resolution images using GAN model.
y	40	Ouyang W et al. (2018)	Deep learning massively accelerates super-resolution localization microscopy	http://doi.org/10.1038/nbt.4106	http://doi.org/10.1038/nbt.4106	sc390	310	Leslie	P	FL	SB	Super-resolution views reconstruction from sparse rapidly acquired localization images and/or widefield images using a CNN model.
y	41	Nehme E et al. (2018)	Deep-STORM: Super-resolution single-molecule microscopy by deep learning	http://doi.org/10.1364/OPTICA.5.000458	http://doi.org/10.1364/OPTICA.5.000458	sc15	265	Leslie	P	FL	SB	Ultrafast and Improved superresolution image reconstruction from fluorescent molecules for localization microscopy using a CNN model.
z	42	Ciompi F et al. (2017)	The importance of stain normalization in colorectal tissue classification with convolutional networks		https://doi.org/10.1109/isbi.2017.7950492 							
z	43	Janowczyk A et al. (2017)	Stain Normalization using Sparse AutoEncoders (StaNoSA): Application to digital pathology.		https://doi.org/10.1016/j.compmedimag.2016.05.003 							
y	44	Tellez D et al. (2018)	H and E stain augmentation improves generalization of convolutional networks for histopathological mitosis detection	http://doi.org/10.1117/12.2293048	http://doi.org/10.1117/12.2293048	sc276	432	Nicolas	C,P	BF	T	Improved classification of HE histological tissue sections by augmenting the image data for a CNN classifier. 
z	45	Arvidsson I et al. (2018)	Generalization of prostate cancer classification for multiple sites using deep learning		https://doi.org/10.1109/isbi.2018.8363552 							
z	46	Bentaieb A et al. (2017)	Adversarial Stain Transfer for Histopathology Image Analysis		https://doi.org/10.1109/tmi.2017.2781228 							
y	47	Ciresan  D et al. (2012)	Deep Neural Networks Segment Neuronal Membranes in Electron Microscopy Images	https://papers.nips.cc/paper/4741-deep-neural-networks-segment-neuronalmembranes-in-electron-microscopy-images	https://papers.nips.cc/paper/4741-deep-neural-networks-segment-neuronalmembranes-in-electron-microscopy-images	ma134	318	Gabriele	S	EM	C,SB	Automated segmentation of neuronal structures in stacks of EM images to map 3D brain structures and connectivity using a pixel-wise CNN classifier.
y	48	Ronneberger  O et al. (2015)	U-Net: Convolutional Networks for Biomedical Image Segmentation	https://doi.org/10.1007/978-3-319-24574-4_28	https://doi.org/10.1007/978-3-319-24574-4_28	ma1	825	Nicolas	S	EM	T,C	Improved segmentation of neuronal structures with a U-Net neural network
y	49	Çiçek   Ö et al. (2016)	3D U-Net: Learning Dense Volumetric Segmentation from Sparse Annotation	https://doi.org/10.1007/978-3-319-46723-8_49	https://doi.org/10.1007/978-3-319-46723-8_49	ma133	7	Gabriele	S	FL	SB	Automated volumetric segmentation using a CNN model to learn from sparsely annotated volumetric images.
y	50	Sadanandan  K et al. (2017)	Spheroid Segmentation Using Multiscale Deep Adversarial Networks	https://doi.org/10.1109/iccvw.2017.11	https://doi.org/10.1109/iccvw.2017.11	ma140	738	Nicolas	S	BF	C	Improved segmentation of different types of spheroids cells in bright-field microscopy images using a new multiscale GAN model.
y	51	Arbelle  A et al. (2017)	Microscopy cell segmentation via adversarial neural networks	https://doi.org/10.1109/isbi.2018.8363657	https://doi.org/10.1109/isbi.2018.8363657	ma132	557	Gabriele	S	FL	C	Automated cell segmentation with limited amount of annotated data using Generative adversarial neural network (GAN) model.
z	52	Sommer  C et al. (2011)	Ilastik: Interactive learning and segmentation toolkit	https://doi.org/10.1109/isbi.2011.5872394	https://doi.org/10.1109/isbi.2011.5872394	ma142	467	Nicolas	P,S,C	BF,EM,FL	T,C,SB	
z	53	Duggal  R et al.	Overlapping cell nuclei segmentation in microscopic images using deep belief networks	https://doi.org/10.1145/3009977.3010043	https://doi.org/10.1145/3009977.3010043	ma135	626	Håkan	S	O	C	
y	54	Haering  M et al. (2018)	Automated Segmentation of Epithelial Tissue Using Cycle-Consistent Generative Adversarial Networks	https://doi.org/10.1101/311373	https://doi.org/10.1101/311373	ma136	130	Håkan	S	BF	T	Automated segmentation using cycle consistent GAN's trained with weakly prepared image - mask pairs.
z	55	Uijlings J et al. (2013)	Selective Search for Object Recognition		https://doi.org/10.1007/s11263-013-0620-5 							
z	56	Girshick R et al. (2013)	Rich Feature Hierarchies for Accurate Object Detection and Semantic Segmentation		https://doi.org/10.1109/cvpr.2014.81 							
z	57	Ren  S et al. (2015)	Faster R-CNN: Towards Real-Time Object Detection with Region Proposal Networks	https://doi.org/10.1109/tpami.2016.2601099	https://doi.org/10.1109/tpami.2016.2577031 	ma129	615	Leslie				
y	58	Hung  J et al. (2017)	Applying Faster R-CNN for Object Detection on Malaria Images 	http://doi.ieeecomputersociety.org/10.1109/CVPRW.2017.112	http://doi.ieeecomputersociety.org/10.1109/CVPRW.2017.112	ma131	98	Håkan	C	BF	C	Identification and recognition of malaria-infected blood cells stages in brightfield microscopy images using a CNN model.
y	59	Ciresan  C et al. (2013)	Mitosis Detection in Breast Cancer Histology Images with Deep Neural Networks	https://doi.org/10.1007/978-3-642-40763-5_51	https://doi.org/10.1007/978-3-642-40763-5_51	ma21	565	Gabriele	C	BF	T	Detection of the mitotic tissue in breast histology images using a deep max-pooling pixel-wise CNN classifier.
z	60	Wang J et al. (2015)	A Deep Learning Approach for Semantic Segmentation in Histology Tissue Images		https://doi.org/10.1007/978-3-319-46723-8_21 							
y	61	Mao Y et al. (2015)	A hierarchical convolutional neural network for mitosis detection in phase-contrast microscopy images	http://doi.org/10.1007/978-3-319-46723-8_79	http://doi.org/10.1007/978-3-319-46723-8_79	sc151	52	Leslie	C	BF	C	Automated mitosis event detection in time-lapse phase contrast microscopy using Hierarchical CNN model.
y	62	Durant  J et al. (2016)	Very Deep Convolutional Neural Networks for Morphologic Classification of Erythrocytes	https://doi.org/10.1373/clinchem.2017.276345	https://doi.org/10.1373/clinchem.2017.276345	ma125	843	Håkan	C	BF	C	Performance evaluation of morphological erythrocytes classification using a CNN classifier.
y	63	Fleury  D et al. (2018)	Implementation of Regional-CNN and SSD Machine Learning Object Detection Architectures for the Real Time Analysis of Blood Borne Pathogens in Dark Field Microscopy	https://doi.org/10.20944/preprints201807.0119.v1	https://doi.org/10.20944/preprints201807.0119.v1	ma126	473	Håkan	C	BF	C	Comparative investigation of the disparities between Single Shot Detector (SSD), Mobilenet V1 and the Faster R-CNN Inception V2 model.
z	64	Redmon  J et al. (2015)	You Only Look Once: Unified, Real-Time Object Detection	https://arxiv.org/abs/1506.02640	https://doi.org/10.1109/cvpr.2016.91 	ma130	862	Leslie	C	em		
z	65	Liu W et al. (2016)	SSD: Single Shot MultiBox Detector		https://doi.org/10.1007/978-3-319-46448-0_2 							
z	66	Yang S et al. (2018)	Assessing microscope image focus quality with deep learning		https://doi.org/10.1186/s12859-018-2087-4 							
y	67	Wei L et al. (2018)	Neural network control of focal position during time-lapse microscopy of cells	http://doi.org/10.1038/s41598-018-25458-w	http://doi.org/10.1038/s41598-018-25458-w	sc213	598	Philip	P	BF	C	Autofocusing of bright-field and phase-contrast microscopy using a CNN model.
z	68	Yosinski J et al. (2014)	How transferable are features in deep neural networks		https://arxiv.org/abs/1411.1792							
z	69	Long  M et al.	Unsupervised Domain Adaptation with Residual Transfer Networks		https://arxiv.org/abs/1602.04433							
y	70	Campanella  G et al.	Terabyte-scale Deep Multiple Instance Learning for Classification and Localization in Pathology	https://arxiv.org/abs/1805.06983	https://arxiv.org/abs/1805.06983	ma91	773	Gabriele	C	BF	T	Improved prostate cancer diagnosis by classifying digital tissue slides on a large scale using deep multiple instance learning-based CNN framework.
z	71	Szegedy et al. (2015)	Rethinking the Inception Architecture for Computer Vision		https://doi.org/10.1109/cvpr.2016.308 							
y	72	Kensert A et al. (2018)	Transfer learning with deep convolutional neural networks for classifying cellular morphological changes	https://doi.org/10.1101/345728 	https://doi.org/10.1101/345728 	bi9	815	Kimmo	C	FL	C	Prediction of cellular phenotypes mechanisms in response to chemical perturbations using a pre-trained CNN classifier.
y	73	Pawlowski  N et al.	Automating Morphological Profiling with Generic Deep Convolutional Networks	https://doi.org/10.1101%2F085118	https://doi.org/10.1101%2F085118	ma85	145	Leslie	C	FL	C	Automated feature extraction for morphological profiling using a pre-trained CNN classifier.
z	74	Chacon B et al. (2018)	A domain-adaptive two-stream U-Net for electron microscopy image segmentation		https://doi.org/10.1109/isbi.2018.8363602 							
z	75	Ben-David S et al. (2012)	On the hardness of domain adaptation and the utility of unlabeled target samples		https://doi.org/10.1007/978-3-642-34106-9_14 							
z	76	Ganin Y et al. (2015)	Unsupervised domain adaptation by backpropagation		https://arxiv.org/pdf/1409.7495.pdf							
y	77	Yu X et al. (2018)	Classify epithelium-stroma in histopathological images based on deep transferable network	http://doi.org/10.1111/jmi.12705	http://doi.org/10.1111/jmi.12705	sc4	212	Philip	C	BF	T	Unsupervised domain adaptation for epithelium-stroma classification using a pre-trained CNN classifier
y	78	Eulenberg  P et al. (2017)	Reconstructing cell cycle and disease progression using deep learning	https://doi.org/10.1038/s41467-017-00623-3	https://doi.org/10.1038/s41467-017-00623-3	ma47	675	Håkan	C, P	FL	C	Automated reconstruction of biological processes from raw images by combining non-linear dimension reduction technique with a CNN model.
y	79	Doan  M et al. (2018)	Label-free assessment of red blood cell storage lesions by deep learning	https://doi.org/10.1101/256180	https://doi.org/10.1101/256180	ma70	499	Gabriele	C	BF	C	Automated red blood cells morphologies characterization using a CNN classifier for label-free imaging flow cytometry.
y	80	Dürr O et al. (2016)	Single-Cell Phenotype Classification Using Deep Convolutional Neural Networks	https://doi.org/10.1177/1087057116631284	https://doi.org/10.1177/1087057116631284	ma112	721	Håkan	C	FL	C	High-content screening–based phenotype classification using CNN classifiers.
y	81	Pärnamaa T et al. (2017)	Accurate classification of protein subcellular localization from high-throughput microscopy images using deep learning	http://doi.org/10.1534/g3.116.033654	http://doi.org/10.1534/g3.116.033654	sc197	14	Leslie	C	FL	SB	Automated detection of the fluorescently-tagged protein cellular compartment in yeast cells using CNN classifier.
y	82	Kraus  Z et al. (2017)	Automated analysis of high-content microscopy data with deep learning	https://doi.org/10.15252/msb.20177551	https://doi.org/10.15252/msb.20177551	ma31	117	Kimmo	C	FL	SB	Automated classification and localization of protein subcellular structures in yeast cell microscopy images using a localize CNN.
y	83	Sommer  C et al. (2017)	A Deep Learning And Novelty Detection Framework For Rapid Phenotyping In High-Content Screening	https://doi.org/10.1101/134627	https://doi.org/10.1101/134627	ma29	38	Nicolas	C	FL	C	Creation of a deep learning pipeline for analyzing high-content screening data.
y	84	Young H et al. (2017)	Real-time Image Processing for Microscopy-based Label-free Imaging Flow Cytometry in a Microfluidic Chip	http://doi.org/10.1038/s41598-017-11534-0	http://doi.org/10.1038/s41598-017-11534-0	sc453	673	Håkan	C	FL	C	Automated detection of objects in high-throughput microscopy-based label-free IFC in a microfluidic chip using a CNN classifier.
z	85	Griffin J et al. (2017)	Digital pathology in clinical use: where are we now and what is holding us back?		https://doi.org/10.1111/his.12993 							
z	86	Hanna M et al.  (2017)	Comparison of glass slides and various digital-slide modalities for cytopathology screening and interpretation		https://doi.org/10.1002/cncy.21880 							
y	87	Zhang  L et al. (2017)	DeepPap: Deep Convolutional Networks for Cervical Cell Classification.	https://doi.org/10.1109/JBHI.2017.2705583	https://doi.org/10.1109/JBHI.2017.2705583	ma108	320	Philip	C	BF	C	Improved cervical cell classification using a pre-trained CNN classifier.
y	88	Song  Y et al. (2016)	Accurate Cervical Cell Segmentation from Overlapping Clumps in Pap Smear Images	https://doi.org/10.1109/tmi.2016.2606380	https://doi.org/10.1109/tmi.2016.2606380	ma110	13	Nicolas	S	BF	C	Automated pre-cancer identification by improved segmentation of cervical cells using a multi-scale CNN for encoding  distinct cell appearances.
z	89	Bejnordi  E et al. (2017)	Diagnostic Assessment of Deep Learning Algorithms for Detection of Lymph Node Metastases in Women With Breast Cancer	https://doi.org/10.1001/jama.2017.14585.		ma27	349	Gabriele	C			
y	90	Cruz-Roa  A et al. (2017)	High-throughput adaptive sampling for whole-slide histopathology image analysis (HASHI) via convolutional neural networks: Application to invasive breast cancer detection	https://doi.org/10.1371/journal.pone.0196828	https://doi.org/10.1371/journal.pone.0196828	ma92	438	Gabriele	C	BF	T	Improved invasive breast cancer tissues detection on whole-slide images by combining adaptive sampling method with a CNN classifier.
y	91	Litjens  G et al. (2016	Deep learning as a tool for increased accuracy and efficiency of histopathological diagnosis	https://doi.org/10.1038/srep26286	https://doi.org/10.1038/srep26286	ma97	293	Kimmo	C	BF	T	Improved prostate cancer identification and breast cancer metastasis detection in sentinel lymph nodes using CNN-based classifier.
y	92	Veta  M et al. (2018)	Predicting breast tumor proliferation from whole-slide images: the TUPAC16 challenge.	https://arxiv.org/abs/1807.08284	https://arxiv.org/abs/1807.08284	ma107	652	Philip	C, S	BF	T	Presents the broad adoption of CNN models for breast cancer tumor proliferation challenge.
y	93	Gecer  B et al. (2018)	Detection and classification of cancer in whole slide breast histopathology images using deep convolutional networks	https://doi.org/10.1016/j.patcog.2018.07.022	https://doi.org/10.1016/j.patcog.2018.07.022	ma95	342	Håkan	C	BF	T	Automated classification of  whole slide images (WSI) of breast biopsies into five diagnostic categories using a CNN classifier.
y	94	Bejnordi  E et al. (2017)	Context-aware stacked convolutional neural networks for classification of breast carcinomas in whole-slide histopathology images	https://doi.org/10.1117/1.jmi.4.4.044504	https://doi.org/10.1117/1.jmi.4.4.044504	ma19	236	Gabriele	C	BF	T	Breast cancer tissue classification by stacking two CNN's for improved feature learning of cellular details and global tissue structures.
y	95	Bejnordi B et al. (2018)	Using deep convolutional neural networks to identify and classify tumor-associated stroma in diagnostic breast biopsies	http://doi.org/10.1038/s41379-018-0073-z	http://doi.org/10.1038/s41379-018-0073-z	sc229	837	Håkan	C	BF	T	Mammographic abnormalities identification in digital images of benign and malignant HE-stained tissue sections using CNN models.
y	96	Bychkov  D et al. (2018)	Deep learning based tissue analysis predicts outcome in colorectal cancer	https://doi.org/10.1038/s41598-018-21758-3	https://doi.org/10.1038/s41598-018-21758-3	ma90	295	Gabriele	C	BF	T	Colorectal cancer patient outcome prediction from the tumor tissue images using CNN- and RNN-based classifiers.
z	97	Bandi P et al. (2018)	From detection of individual metastases to classification of lymph node status at the patient level: the CAMELYON17 challenge		https://doi.org/10.1109/tmi.2018.2867350 							
y	98	Qaiser  T et al. (2018)	HER2 challenge contest: a detailed assessment of automated HER2 scoring algorithms in whole slide images of breast cancer tissues	https://doi.org/10.1111/his.13333	https://doi.org/10.1111/his.13333	ma100	433	Leslie	P,C	BF	T	Benchmark for performance comparison of invasive breast carcinoma tissues stained with both HE and IHC for HER2 scoring using CNN models.
y	99	Sirinukunwattana  K et al. (2017)	Gland segmentation in colon histology images: The glas challenge contest	https://doi.org/10.1016/j.media.2016.08.008	https://doi.org/10.1016/j.media.2016.08.008	ma104	424	Nicolas	S	BF	T	A comprehensive overview of methods applied for segmenting the gland in colon histology images challenge contest.
y	100	Akram SU et al. (2017)	Cell segmentation proposal network for microscopy image analysis	http://doi.org/10.1007/978-3-319-46976-8_3	http://doi.org/10.1007/978-3-319-46976-8_3	sc73	189	Gabriele	C, S	FL,BF	C	Automated detection and segmentation for tracking cells in time-lapse images using regional CNN model. 
y	101	Wang M et al. (2018)	Multicell migration tracking within angiogenic networks by deep learning-based segmentation and augmented Bayesian filtering	http://doi.org/10.1117/1.JMI.5.2.024005	http://doi.org/10.1117/1.JMI.5.2.024005	sc16	583	Philip	S	BF	C	Automated cell detection by combining CNN with backward Kalman filtering for tracking.
y	102	Phan  H et al. (2017)	An unsupervised long short-term memory neural network for event detection in cell videos	https://arxiv.org/abs/1709.02081	https://arxiv.org/abs/1709.02081	ma22	93	Leslie	C	BF	C	Automated unsupervised cell event detection and classification in cell video sequences using convolutional recurrent neural networks.
z	103	Villa AG et al. (2017)	Counting Cells in Time-Lapse Microscopy using Deep Neural Networks		https://arxiv.org/abs/1801.10443 							
y	104	Kimmel J et al. (2018)	Deep convolutional and recurrent neural networks for cell motility discrimination and prediction	https://doi.org/10.1101/159202 	https://doi.org/10.1101/159202 	bi56	270	Kimmo	C	FL, BF	C	Classification of different motility behaviors of cells in cultures using 3D CNN and RNN along with autoencoders for unsupervised learning.
y	105	Wang C et al. (2017)	vU-net: accurate cell edge segmentation in time-lapse fluorescence live cell images based on convolutional neural network	https://doi.org/10.1101/191858 	https://doi.org/10.1101/191858 	bi98	851	Philip	S	FL	C	Reconstruction of cell edges in time-lapse imagery by integrating a pre-trained encoder and a U-Net model.
y	106	Su Y-T et al. (2017)	Spatiotemporal Joint Mitosis Detection Using CNN-LSTM Network in Time-Lapse Phase Contrast Microscopy Images	http://doi.org/10.1109/ACCESS.2017.2745544	http://doi.org/10.1109/ACCESS.2017.2745544	sc45	736	Nicolas	C	BF	C	Detection of mitotic events in patch sequences by combining CNN and RNN. 
y	107	Tellez  D et al. (2018)	Whole-Slide Mitosis Detection in H&E Breast Histology Using PHH3 as a Reference to Train Distilled Stain-Invariant Convolutional Networks	https://doi.org/10.1109/tmi.2018.2820199	https://doi.org/10.1109/tmi.2018.2820199	ma56	858	Nicolas	C	BF	T	Automated detection of mitotic figures in breast cancer tissue sections using a CNN classifier.
y	108	Sadanandan  K et al. (2017)	Automated Training of Deep Convolutional Neural Networks for Cell Segmentation	https://doi.org/10.1038/s41598-017-07599-6	https://doi.org/10.1038/s41598-017-07599-6	ma23	133	Nicolas	S	FL	C	Automated segmentation of cells with training done with flurescent proteins enabled over the last frame.
z	109	Buda M et al. (2018)	A systematic study of the class imbalance problem in convolutional neural networks		 https://doi.org/10.1016/j.neunet.2018.07.011 							
z	110	Ljosa V et al. (2012)	Annotated high-throughput microscopy image sets for validation		 https://doi.org/10.1038/nmeth0513-445d 							
z	111	Orloff D et al.  (2013)	The cell: an image library-CCDB: a curated repository of microscopy data		https://doi.org/10.1093/nar/gks1257 							
z	112	Litjens  G et al. (2018)	1399 H&E-stained sentinel lymph node sections of breast cancer patients: the CAMELYON dataset	https://doi.org/10.1093/gigascience/giy065		ma98	1	Kimmo		BF	T	
z	113	Spjuth O et al. (2016)	Recommendations on e-infrastructures for next-generation sequencing		https://doi.org/10.1186/s13742-016-0132-7 							
z	114	Abadi M et al. (2016)	Tensorflow: a system for large-scale machine learning		https://arxiv.org/abs/1605.08695							
z	115	Jia Y et al. (2014)	Caffe: Convolutional architecture for fast feature embedding		https://arxiv.org/abs/1408.5093							
z	116	Al-Rfou R et al. (2016)	Theano: A Python framework for fast computation of mathematical expressions		https://arxiv.org/abs/1605.02688							
z	117	Collobert F et al. (2011)	Torch7: A matlab-like environment for machine learning		https://infoscience.epfl.ch/record/192376/files/Collobert_NIPSWORKSHOP_2011.pdf							
z	118	Chen T et al. (2015)	Mxnet: A flexible and efficient machine learning library for heterogeneous distributed systems		https://arxiv.org/abs/1512.01274							
z	119	Chollet F et al. (2015)	Keras: Deep learning library for theano and tensorflow.		https://keras.io/							
z	120	Ramakrishnan R et al. (2017)	Visualizing abnormalities in chest radiographs through salient network activations in Deep Learning		https://arxiv.org/abs/1703.09684							
y	121	Ishaq  O et al. (2017)	Deep Fish: Deep Learningâ€“Based Classification of Zebrafish Deformation for High-Throughput Screening	https://doi.org/10.1177/1087057116667894	https://doi.org/10.1177/1087057116667894	ma79	283	Håkan	C	BF	O	Improved high-throughput classification of whole-body zebrafish deformations in multi-fish microwell plates using a CNN classifier.
z	122	Ching T et al.	Opportunities and obstacles for deep learning in biology and medicine	http://doi.org/10.1098/rsif.2017.0387	https://doi.org/10.1101/142760 	sc427	620	Gabriele	 			
z	123	Vinyals O et al. (2014)	Show and Tell: A Neural Image Caption Generator		https://arxiv.org/abs/1411.4555							
z	124	Kafle K et al. (2017)	An Analysis of Visual Question Answering Algorithms		https://arxiv.org/abs/1703.09684							
z	125	Shin H et al. (2015)	Interleaved text/image Deep Mining on a large-scale radiology database		https://doi.org/10.1109/cvpr.2015.7298712 							
y	126	Mobadersany  P et al. (2018)	Predicting cancer outcomes from histology and genomics using convolutional networks	https://doi.org/10.1101/198010	https://doi.org/10.1101/198010	ma99	653	Leslie	C	BF	T	Automated patient outcome prediction from digital pathology images by combining traditional survival models with a CNN classifier.
z	127	Konecny J et al. (2016)	Federated Learning: Strategies for Improving Communication Efficiency		https://arxiv.org/abs/1610.05492							
y	128	Turkki  R et al. (2016)	Antibody-supervised deep learning for quantification of tumor-infiltrating immune cells in hematoxylin and eosin stained breast cancer samples	https://doi.org/10.4103/2153-3539.189703	https://doi.org/10.4103/2153-3539.189703	ma106	91	Nicolas	C	BF	T	Improved quantification of immune cell-rich areas in HE-stained image samples using a CNN classifier.
z	129	Armato S et al. (2009)	Assessment of Radiologist Performance in the Detection of Lung Nodules		https://doi.org/10.1016/j.acra.2008.05.022 							
z	130	Gal Y et al. (2016)	Dropout as a Bayesian Approximation: Representing Model Uncertainty in Deep Learning		https://arxiv.org/abs/1506.02142							
y	131	Xie Y et al. (2015)	Deep Voting and Structured Regression for Microscopy Image Analysis	http://doi.org/10.1016/B978-0-12-810408-8.00009-2	http://doi.org/10.1016/B978-0-12-810408-8.00009-2	sc56	329	Philip	C	FL	C	Automated nucleus centroids localization for voting confidence of overlapping cells using a CNN-based structured regression model. 
z	132	Vovk V (2005)	Conditional validity of inductive conforma		https://arxiv.org/pdf/1209.2673.pdf							
z	133	Cortes-ciriano et al. (2018)	Deep Confidence: A Computationally Efficient Framework for Calculating Reliable Errors for Deep Neural Networks		https://arxiv.org/abs/1809.09060							
z	134	Blei M et al. (2016)	Variational Inference: A Review for Statisticians		https://arxiv.org/abs/1601.00670							
z	135	Krueger D et al. (2017)	Bayesian Hypernetworks		https://arxiv.org/abs/1710.04759							
z	136	Xing F et al. (2013)	Robust Selection-Based Sparse Shape Model for Lung Cancer Image Segmentation		https://doi.org/10.1007/978-3-642-40760-4_51 							
z	137	Lake B et al. (2016)	Building Machines That Learn and Think Like People		https://arxiv.org/pdf/1604.00289.pdf							
y	138	Arteta C et al.	HTX: a tool for the exploration and visualization of high-throughput image assays	https://doi.org/10.1101/204016 	https://doi.org/10.1101/204016 	bi96	451	Gabriele	P	BF, FL	T,C,SB	Interactive visualizing of image-based assays based on visual similarities between the samples for improved exploration of large microscopy datasets.
y	139	Arvaniti E et al.	Automated Gleason grading of prostate cancer tissue microarrays via deep learning	https://doi.org/10.1038/s41598-018-30535-1	https://doi.org/10.1038/s41598-018-30535-1	bi27	122	Gabriele	C	BF	T	Automated Gleason grading of prostate cancer tissue microarrays with H&E staining using a patch-based CNN classifier.
y	140	Aubreville M et al.	Deep learning-based detection of motion artifacts in probe-based confocal laser endomicroscopy images	http://doi.org/10.1007/s11548-018-1836-1	http://doi.org/10.1007/s11548-018-1836-1	sc32	286	Gabriele	C	BF	T	Motion artifacts detection of epithelial tissue from the oral cavity and the vocal folds by fine-tuning a pre-trained CNN classifier.
y	141	Awan  R et al.	Context-Aware Learning Using Transferable Features for Classification of Breast Cancer Histology Images	https://doi.org/10.1007/978-3-319-93000-8_89	https://doi.org/10.1007/978-3-319-93000-8_89	ma86	235	Gabriele	C	BF	T	Breast cancer tissue classification using the encoded representation of a patch-based CNN within an SVM classifier.
y	142	Bajic B et al.	Denoising of short exposure transmission electron microscopy images for ultrastructural enhancement	http://doi.org/10.1109/ISBI.2018.8363721	http://doi.org/10.1109/ISBI.2018.8363721	sc107	335	Gabriele	P	EM	SB	Automated denoising of short-exposure high-resolution TEM images of cilia using a multi-stream CNN model.
y	143	Baltissen D et al.	Comparison of segmentation methods for tissue microscopy images of glioblastoma cells	http://doi.org/10.1109/ISBI.2018.8363601	http://doi.org/10.1109/ISBI.2018.8363601	sc168	223	Gabriele	S	FL	C	Automated glioblastoma cell nuclei segmentation in tissue microscopy images using atrous spatial pyramid pooling (ASPP) for a CNN model.
y	144	Bekkers EJ et al.	Roto-Translation Covariant Convolutional Networks for Medical Image Analysis	http://arxiv.org/abs/1804.03393v3	http://arxiv.org/abs/1804.03393v3	ar8	703	Gabriele	S	EM, FL	T,C	Improved segmentation in histopathology, retinal imaging, and electron microscopy images using a CNN model trained without any augmentations. 
y	145	Bentaieb A et al.	Multi-loss convolutional networks for gland analysis in microscopy	http://doi.org/10.1109/ISBI.2016.7493349	http://doi.org/10.1109/ISBI.2016.7493349	sc69	580	Gabriele	C, S	BF	T,C	Colon adenocarcinomas segmentation and classification using a single CNN framework for automated cancer tissue analysis.
y	146	Boyd N et al.	DeepLoco: Fast 3D Localization Microscopy Using Neural Networks	https://doi.org/10.1101/267096 	https://doi.org/10.1101/267096 	bi36	315	Gabriele	C	FL	SB	Automated estimation of fluorophores number and locations in a single frame of super-resolution microscopy using a CNN model.
y	147	Bozkurt A et al.	A Multiresolution Convolutional Neural Network with Partial Label Training for Annotating Reflectance Confocal Microscopy Images of Skin	http://arxiv.org/abs/1802.02213v2	http://arxiv.org/abs/1802.02213v2	ar1	64	Gabriele	S	BF	T	Automated annotations of morphological patterns using U-Net architecture for improved skin cancer diagnosis in reflectance confocal microscopy.
y	148	Bozkurt A et al.	Delineation of Skin Strata in Reflectance Confocal Microscopy Images with Recurrent Convolutional Networks	http://doi.org/10.1109/CVPRW.2017.108	http://doi.org/10.1109/CVPRW.2017.108	sc134	332	Gabriele	C	BF	T	Skin strata tissue classification in RCM image sequences using a recurrent CNN.
y	149	Buggenthin F et al.	Prospective identification of hematopoietic lineage choice by deep learning	http://doi.org/10.1038/nmeth.4182	http://doi.org/10.1038/nmeth.4182	sc497	661	Gabriele	C	BF	C	Hematopoietic cell lineage choice prediction using a patch-based CNN classifier and a recurrent neural network (RNN) for cellular movement. 
y	150	Buniatyan D et al.	Deep Learning Improves Template Matching by Normalized Cross Correlation	http://arxiv.org/abs/1705.08593v1	http://arxiv.org/abs/1705.08593v1	ar41	306	Gabriele	C	EM		Improved robustness of template matching by preprocessing images using a siamese CNN trained to maximize the contrast between NCC values.
y	151	Caicedo  C et al.	Weakly supervised learning of single-cell feature embeddings	https://doi.org/10.1101/293431	https://doi.org/10.1101/293431	ma71	853	Gabriele	P	FL	C	Automated downstream single cell analysis for replicating the treatment condition using a weakly supervised CNN model.
y	152	Caicedo JC et al.	Evaluation of Deep Learning Strategies for Nucleus Segmentation in Fluorescence Images	https://doi.org/10.1101/335216 	https://doi.org/10.1101/335216 	bi15	387	Gabriele	S	FL	C	Improved segmentation of cell nuclei in a large manually annotated dataset using a U-Net architecture.
y	153	Calderon CP et al.	Deep Convolutional Neural Network Analysis of Flow Imaging Microscopy Data to Classify Subvisible Particles in Protein Formulations	http://doi.org/10.1016/j.xphs.2017.12.008	http://doi.org/10.1016/j.xphs.2017.12.008	sc249	272	Gabriele	C	BF	SB	Process conditions prediction for therapeutic protein formulations by encoding the morphological features of subcellular structures using a CNN.
y	154	Cao G et al.	A hybrid Cnn-Rf method for electron microscopy images segmentation	http://doi.org/10.4172/1662-100X.1000114	http://doi.org/10.4172/1662-100X.1000114	sc160	55	Gabriele	S	EM	c	Automated segmentation of neuronal structures for 3d brain tissue reconstruction by combining hybrid CNN with Random Forest classifier.
y	155	Carneiro G et al.	Weakly-supervised structured output learning with flexible and latent graphs using high-order loss functions	http://doi.org/10.1109/ICCV.2015.81	http://doi.org/10.1109/ICCV.2015.81	sc157	852	Gabriele	P	BF, FL	T	Estimation of the number and proportion of classes of microcirculatory supply units (MCSU) using a weakly annotated dataset for a CNN model.
y	156	Carneiro G et al.	Automatic Quantification of Tumour Hypoxia from Multi-Modal Microscopy Images Using Weakly-Supervised Learning Methods	http://doi.org/10.1109/TMI.2017.2677479	http://doi.org/10.1109/TMI.2017.2677479	sc49	142	Gabriele	P	BF,FL	T	Improved validation of hypoxia-modified therapies to measure tumor hypoxia by classifying annotations using a weakly-supervised CNN model.
y	157	Castilla C et al.	Segmentation of actin-stained 3D fluorescent cells with filopodial protrusions using convolutional neural networks	http://doi.org/10.1109/ISBI.2018.8363605	http://doi.org/10.1109/ISBI.2018.8363605	sc106	711	Gabriele	S	FL	C	Automated segmentation of actin-stained cells in volumetric confocal microscopy images using a CNN model.
y	158	Chang Y-H et al.	Human induced pluripotent stem cell region recognition in microscopy images using Convolutional Neural Networks	http://doi.org/10.1109/EMBC.2017.8037747	http://doi.org/10.1109/EMBC.2017.8037747	sc42	456	Gabriele	C	BF	C	Automated classification and recognition of induced pluripotent stem (iPS) cell regions behaviour using a CNN for aiding iPS cell culture.
y	159	Chen  L et al.	Deep Learning in Label-free Cell Classification	https://doi.org/10.1038/srep21471	https://doi.org/10.1038/srep21471	ma32	308	Gabriele	C	BF	C	Improved phenotypic diagnosis by label-free cell classification in high-throughput quantitative imaging using a CNN classifier.
y	160	Chen J et al.	Neuron segmentation using deep complete bipartite networks	http://doi.org/10.1007/978-3-319-66185-8_3	http://doi.org/10.1007/978-3-319-66185-8_3	sc204	604	Gabriele	S	FL	C	Automatic segmentation of neuronal cells using a instance-wise annotations for a pixel-wise complete bipartite networks (CB-Net) model.
y	161	Cheng H et al.	Deep-learning-assisted Volume Visualization	http://doi.org/10.1109/TVCG.2018.2796085	http://doi.org/10.1109/TVCG.2018.2796085	sc20	263	Gabriele	P	EM	SB	Improved high-dimensional feature interactions for volume visualization based on the high-dimensional CNN features spectral methods.
y	162	Cheng H-C et al.	Volume segmentation using convolutional neural networks with limited training data	http://doi.org/10.1109/ICIP.2017.8296349	http://doi.org/10.1109/ICIP.2017.8296349	sc113	849	Gabriele	S	EM	SB	Improved segmentation in volumetric microscopy images using factorized convolutions and online feature-level augmentations for a 3D CNN model.
y	163	Chowdhury A et al.	A computational study on convolutional feature combination strategies for grade classification in colon cancer using fluorescence microscopy data	http://doi.org/10.1117/12.2255687	http://doi.org/10.1117/12.2255687	sc340	20	Gabriele	C	BF	T	Automated colon cancer grade classification using the encoded representations of a pre-trained CNN within a linear SVM classifier.
y	164	Chowdhury A et al.	Blood vessel characterization using virtual 3D models and convolutional neural networks in fluorescence microscopy	http://doi.org/10.1109/ISBI.2017.7950599	http://doi.org/10.1109/ISBI.2017.7950599	sc317	160	Gabriele	C	FL	T	Automated characterization of microvessel morphology in micrographs of brain tissue sections using a CNN classifier for facile quantitative analysis.
y	165	Chowdhury A et al.	Active deep learning reduces annotation burden in automatic cell segmentation	https://doi.org/10.1101/211060 	https://doi.org/10.1101/211060 	bi26	28	Gabriele	S	FL, BF	C	Automated Cell segmentation using active learning for training a CNN model to reduce annotation burden.
y	166	Christiansen EM et al.	In Silico Labeling: Predicting Fluorescent Labels in Unlabeled Images	http://doi.org/10.1016/j.cell.2018.03.040	http://doi.org/10.1016/j.cell.2018.03.040	sc405	482	Gabriele	C	BF	SB	Multiple fluorescent labels prediction from transmitted-light images of unlabeled fixed or live biological cells using a CNN-based in silico labeling (ISL).
y	167	Coudray N et al.	Classification and Mutation Prediction from Non-Small Cell Lung Cancer Histopathology Images using Deep Learning	https://doi.org/10.1101/197574 	https://doi.org/10.1101/197574 	bi39	206	Gabriele	C	BF	T	Classification of the whole-slide lung cell tissue images and prediction of mutated genes in lung adenocarcinoma using CNN-based classifiers. 
y	168	Cruz-Roa  A et al.	Accurate and reproducible invasive breast cancer detection in whole-slide images: A Deep Learning approach for quantifying tumor extent	https://doi.org/10.1038/srep46450	https://doi.org/10.1038/srep46450	ma93	12	Gabriele	C	BF	T	Detection of invasive ductal breast carcinoma tissue images using a CNN classifier for automated tumor extent assessment.
y	169	Delahunt CB et al.	Automated microscopy and machine learning for expert-level malaria field diagnosis	http://doi.org/10.1109/GHTC.2015.7344002	http://doi.org/10.1109/GHTC.2015.7344002	sc365	126	Gabriele	C, P	BF	T	Low-cost automated digital microscope for improved detection of malaria infectious diseases using CNN classifier.  
y	170	Delas Peñas K et al.	Analysis of Convolutional Neural Networks and Shape Features for Detection and Identification of Malaria Parasites on Thin Blood Smears	http://doi.org/10.1007/978-3-319-75420-8_45	http://doi.org/10.1007/978-3-319-75420-8_45	sc273	68	Gabriele	C	BF	T	Improved malaria diagnosis using shape features with a CNN-based classifier.
y	171	Deng F et al.	Rich feature hierarchies for cell detecting under phase contrast microscopy images	http://doi.org/10.1109/ICICIP.2015.7388195	http://doi.org/10.1109/ICICIP.2015.7388195	sc150	696	Gabriele	C	BF	T	Automated detection of cells in phase contrast microscopy images using modified region-based CNN classifier.
y	172	Diederich B et al.	Using machine-learning to optimize phase contrast in a low-cost cellphone microscope	http://doi.org/10.1371/journal.pone.0192937	http://doi.org/10.1371/journal.pone.0192937	sc254	839	Gabriele	P	BF	T	Real-time applications for a cellphone microscope to learn a relationship between samples and its optimal light source shapes by a CNN model.
y	173	Dong B et al.	Deep learning for automatic cell detection in wide-field microscopy zebrafish images	http://doi.org/10.1109/ISBI.2015.7163986	http://doi.org/10.1109/ISBI.2015.7163986	sc75	300	Gabriele	C	BF	C	Automated detection of tyrosine hydroxylase-containing cells in larval zebrafish brain wide-field microscopy images using a CNN classifier.
y	174	Dorkenwald S et al.	Automated synaptic connectivity inference for volume electron microscopy	http://doi.org/10.1038/nmeth.4206	http://doi.org/10.1038/nmeth.4206	sc326	132	Gabriele	C	EM	C,SB	Automated identification of different cell types to infer a richly annotated synaptic connectivity by combining CNN and random forest classifier.
y	175	Drozdzal M et al.	Learning normalized inputs for iterative estimation in medical image segmentation	http://doi.org/10.1016/j.media.2017.11.005	http://doi.org/10.1016/j.media.2017.11.005	sc260	509	Gabriele	S	BF	SB	Automated workflow for segmentation by combing fully CNN with fully convolutional residual networks (FC-ResNets). 
y	176	Fabijańska A et al.	Segmentation of corneal endothelium images using a U-Net-based convolutional neural network	http://doi.org/10.1016/j.artmed.2018.04.004	http://doi.org/10.1016/j.artmed.2018.04.004	sc103	712	Håkan	S	BF	O	Improved diagnosis of corneal endothelium by analyzing the size and shape of the endothelial cells in specular microscopy images using a CNN model.
y	177	Fakhry A et al.	Residual Deconvolutional Networks for Brain Electron Microscopy Image Segmentation	http://doi.org/10.1109/TMI.2016.2613019	http://doi.org/10.1109/TMI.2016.2613019	sc198	687	Håkan	S	EM	T	Improved segmentation using a multi-stream residual CNN that capture full-resolution features and contextual information of EM images. 
y	178	Fan M et al.	Global probabilistic models for enhancing segmentation with convolutional networks	http://doi.org/10.1109/ISBI.2018.8363794	http://doi.org/10.1109/ISBI.2018.8363794	sc398	425	Håkan	S	FL	C	Efficient cell segmentations by enforcing prior shape constraints through combined global probabilistic model and a CNN model.
y	179	Fredericksen MA et al.	Three-dimensional visualization and a deep-learning model reveal complex fungal parasite networks in behaviorally manipulated ants	http://doi.org/10.1073/pnas.1711673114	http://doi.org/10.1073/pnas.1711673114	sc456	799	Håkan	S	EM	C	Identification of a microbial parasite adaptation in the body of its coevolved and manipulated host using CNN models.
y	180	Fu C et al.	Three Dimensional Fluorescence Microscopy Image Synthesis and Segmentation	http://arxiv.org/abs/1801.07198v2	http://arxiv.org/abs/1801.07198v2	ar18	801	Håkan	S	FL	C	Improved characterization and analysis of 3D microscopy images by nuclei segmentation using spatially constrained cycle-consistent GAN model.
y	181	Fu C et al.	Nuclei segmentation of fluorescence microscopy images using convolutional neural networks	http://doi.org/10.1109/ISBI.2017.7950617	http://doi.org/10.1109/ISBI.2017.7950617	sc137	612	Håkan	S	FL	C,T	Automated segmentation and counting of the nucleus in volumetric images using a CNN model and a watershed technique.
y	182	Funke J et al.	Large Scale Image Segmentation with Structured Loss based Deep Learning for Connectome Reconstruction	http://doi.org/10.1109/TPAMI.2018.2835450	http://doi.org/10.1109/TPAMI.2018.2835450	sc394	505	Håkan	S	EM	T	Automated prediction of affinities between voxels, followed by iterative region agglomeration using a 3D U-Net architecture.
y	183	Galal S et al.	Candy Cane: Breast Cancer Pixel-Wise Labeling with Fully Convolutional Densenets	http://doi.org/10.1007/978-3-319-93000-8_93	http://doi.org/10.1007/978-3-319-93000-8_93	sc179	172	Håkan	S, C	BF,FL	T,C	Automated pixel-wise labeling of whole-slide images into normal tissue, benign lesion, in situ carcinoma and invasive carcinoma using a CNN model
y	184	Godinez WJ et al.	A multi-scale convolutional neural network for phenotyping high-content cellular images	http://doi.org/10.1093/bioinformatics/btx069	http://doi.org/10.1093/bioinformatics/btx069	sc312	63	Håkan	C	FL	C	Automated classification of cells into phenotypes using only the images’ pixel intensity values for a  multi-scale CNN classifier.
y	185	Goldsborough  P et al.	CytoGAN: Generative Modeling of Cell Images	https://doi.org/10.1101/227645	https://doi.org/10.1101/227645	ma69	255	Håkan	C	FL	C	Morphological profiling of human cultured cells in fluorescence microscopy images using GAN model.
y	186	Goltsev Y et al.	Deep profiling of mouse splenic architecture with CODEX multiplexed imaging.	https://doi.org/10.1101/203166 	https://doi.org/10.1101/203166 	bi47	322	Håkan	C	FL	C,T	Single-cell antigen quantification to overlay morphological features with lymphoid tissue characterization at cellular levels using a CNN model.
y	187	Gopakumar G et al.	Cytopathological image analysis using deep-learning networks in microfluidic microscopy	http://doi.org/10.1364/JOSAA.34.000111	http://doi.org/10.1364/JOSAA.34.000111	sc64	256	Håkan	C	FL	C	Cytopathologic analysis by classifying three unlabeled, unstained leukemia cell lines (K562, MOLT, and HL60) using a CNN classifier.
y	188	Górriz M et al.	Leishmaniasis parasite segmentation and classification using deep learning	http://doi.org/10.1007/978-3-319-94544-6_6	http://doi.org/10.1007/978-3-319-94544-6_6	sc430	513	Håkan	S, C	BF	C,SC	Automated segmentation  of Leishmania parasites and classification into promastigotes, amastigotes, and adhered parasites using U-Net model.
y	189	Gupta A et al.	Convolutional neural networks for false positive reduction of automatically detected cilia in low magnification TEM images	http://doi.org/10.1007/978-3-319-59126-1_34	http://doi.org/10.1007/978-3-319-59126-1_34	sc143	241	Håkan	C	EM	SC	Improved detection of cilia using a CNN classifier for eliminating false-positives identified by a template matching method.
y	190	Güven G et al.	Nanoparticle detection from TEM images with deep learning [GEM görüntülerinden derin öǧrenme ile nanoparçacik tespiti]	http://doi.org/10.1109/SIU.2018.8404468	http://doi.org/10.1109/SIU.2018.8404468	sc8	593	Håkan	C	EM	T,SC	Automated detection of magnetite particles on TEM images using a CNN classifier.
y	191	Haberl M et al.	CDeep3M - Plug-and-Play cloud based deep learning for image segmentation of light  electron and X-ray microscopy	https://doi.org/10.1101/353425 	https://doi.org/10.1101/353425 	bi3	174	Håkan	S	BF,FL,EM		A pre-configured publicly available cloud-based framework on Amazon Web Services for image segmentation using  CNN model.
y	192	Haft-Javaherian M et al.	Deep convolutional neural networks for segmenting 3D in vivo multiphoton   images of vasculature in Alzheimer disease mouse models	http://arxiv.org/abs/1801.00880v2	http://arxiv.org/abs/1801.00880v2	ar31	279	Håkan	S	FL	T,C	Automated analysis of volumetric in vivo vessels image segmentation using a CNN model.
y	193	Hagita K et al.	Super-resolution for asymmetric resolution of FIB-SEM 3D imaging using AI with deep learning	http://doi.org/10.1038/s41598-018-24330-1	http://doi.org/10.1038/s41598-018-24330-1	sc375	755	Håkan	P	EM	C	Super-resolution reconstruction of asymmetric 3D images to restore the depth resolution to achieve symmetric resolution using a CNN model.
y	194	Hay EA et al.	Performance of convolutional neural networks for identification of bacteria in 3D microscopy datasets	https://doi.org/10.1101/273318 	https://doi.org/10.1101/273318 	bi29	633	Håkan	C	FL	C	Classification of bacteria and non-bacterial objects in larval zebrafish intestines light sheet fluorescence images using a 3D CNN classifier.
y	195	Heinrich L et al.	Deep learning for isotropic super-resolution from non-isotropic 3d electron microscopy	http://doi.org/10.1007/978-3-319-66185-8_16	http://doi.org/10.1007/978-3-319-66185-8_16	sc490	303	Håkan	P	EM	T,SC	Improved superresolution of 3D electron microscopy images using a CNN model.
y	196	HernÃ¡ndez CX et al.	Using Deep Learning for Segmentation and Counting within Microscopy Data	http://arxiv.org/abs/1802.10548v1	http://arxiv.org/abs/1802.10548v1	ar23	838	Håkan	S	BF	C	Improved identification of possible failure cases by incorporating uncertainty of a CNN classifier for U2OS cells.
y	197	Hershko* E et al.	Multicolor localization microscopy by deep learning	http://arxiv.org/abs/1807.01637v1	http://arxiv.org/abs/1807.01637v1	ar7	585	Håkan	C, P	FL	C	Automated designing of phase-modulating elements for improved color differentiation between species using CNN models.
y	198	Ho DJ et al.	Nuclei detection and segmentation of fluorescence microscopy images using three dimensional convolutional neural networks	http://doi.org/10.1109/ISBI.2018.8363606	http://doi.org/10.1109/ISBI.2018.8363606	sc105	611	Håkan	S, C	FL	C	Simultaneous detection and segmentation of cell nuclei in fluorescence microscopy images using a 3D CNN model.
y	199	Holmström O et al.	Point-of-care mobile digital microscopy and deep learning for the detection of soil-transmitted helminths and Schistosoma haematobium	http://doi.org/10.1080/16549716.2017.1337325	http://doi.org/10.1080/16549716.2017.1337325	sc496	644	Håkan	C	BF	C	Automated detection and classification of helminths in the mobile-phone microscopy images using CNN classifier.
y	200	Hou  L et al.	Sparse Autoencoder for Unsupervised Nucleus Detection and Representation in Histopathology Images	https://arxiv.org/abs/1704.00406v2	https://arxiv.org/abs/1704.00406v2	ma148	731	Håkan	C, S	BF	T	Unsupervised simultaneous nucleus detection and segmentation in histopathology tissue images using a sparse convolutional autoencoder.
y	201	Hu C et al.	Cerebral vessels segmentation for light-sheet microscopy image using convolutional neural networks	http://doi.org/10.1117/12.2254714	http://doi.org/10.1117/12.2254714	sc141	197	Håkan	S	FL	O	Automatic and robust segmentation of cerebral micro-vessels structures in mouse cerebrovascular light-sheet microscopy images using  a CNN model.
y	202	Huang GB et al.	Deep and Wide Multiscale Recursive Networks for Robust Image Labeling	http://arxiv.org/abs/1310.0354v3	http://arxiv.org/abs/1310.0354v3	ar55	267	Håkan	C, P	EM	T,SC	Improved image labeling performance for connectomic reconstruction of neural circuity from 3d EM data using a multiscale recursive CNN model.
y	203	Huttunen MJ et al.	Automated classification of multiphoton microscopy images of ovarian tissue using deep learning	http://doi.org/10.1117/1.JBO.23.6.066002	http://doi.org/10.1117/1.JBO.23.6.066002	sc12	118	Håkan	C	FL	T	Robust classification of unstained, reproductive tissues in multiphoton microscopy images using CNN classifiers.
y	204	Ishikawa Y et al.	Brain tumor classification of microscopy images using deep residual learning	http://doi.org/10.1117/12.2242711	http://doi.org/10.1117/12.2242711	sc74	164	Håkan	C	BF	C	Improved segmentation of cell regions from astrocytes and classification of brain tumors using CNN models.
y	205	Işil Ç et al.	Resolution enhancement of wide-field interferometric microscopy by coupled deep autoencoders	http://doi.org/10.1364/AO.57.002545	http://doi.org/10.1364/AO.57.002545	sc409	688	Håkan	P	BF	SC	Improved resolution of L-shaped nanostructures images using a coupled autoencoders.
y	206	Ito E et al.	Virus Particle Detection by Convolutional Neural Network in Transmission Electron Microscopy Images	http://doi.org/10.1007/s12560-018-9335-7	http://doi.org/10.1007/s12560-018-9335-7	sc102	846	Håkan	C	EM	SC	Automated localization of virus particles in TEM images using the probability maps generated by a CNN model.
y	207	Januszewski M et al.	High-precision automated reconstruction of neurons with flood-filling networks	http://doi.org/10.1038/s41592-018-0049-4	http://doi.org/10.1038/s41592-018-0049-4	sc220	437	Håkan	P, S	EM	SC	Automated tracing of neurons in a dataset obtained by serial block-face electron microscopy of a zebra finch brain using flood-filling CNN model.
y	208	Jiang B et al.	Convolutional neural networks in automatic recognition of trans-differentiated neural progenitor cells under bright-field microscopy	http://doi.org/10.1109/IMCCC.2015.33	http://doi.org/10.1109/IMCCC.2015.33	sc72	242	Håkan	C	BF	C	Automated pre-processing and classification of neural progenitor cells and non-neural progenitor cells using a novel CNN-based recognition system.
y	209	Jiang S et al.	Transform- and multi-domain deep learning for single-frame rapid autofocusing in whole slide imaging	http://doi.org/10.1364/BOE.9.001601	http://doi.org/10.1364/BOE.9.001601	sc408	816	Kimmo	P	BF	T	Focal position prediction using a CNN for improved autofocusing performance under incoherent Kohler illumination, partially coherent illumination.
y	210	Jimenez-Carretero  D et al.	Tox_(R)CNN: Deep Learning-Based Nuclei Profiling tool For Drug Toxicity Screening	https://doi.org/10.1101/334557	https://doi.org/10.1101/334557	ma72	809	Kimmo	C	FL	C	Toxicity prediction from images of pre-treated DAPI-stained cells using a CNN classifier.
y	211	Jo Y et al.	Holographic deep learning for rapid optical screening of anthrax spores	http://doi.org/10.1126/sciadv.1700606	http://doi.org/10.1126/sciadv.1700606	sc46	446	Kimmo	C	BF	C	Diagnosis of Listeria monocytogenes by classifying living cells using a CNN classifier for the label-free screening  in holographic microscopy images
y	212	Judd N et al.	A pilot study for distinguishing chromophobe renal cell carcinoma and oncocytoma using second harmonic generation imaging and convolutional neural network analysis of collagen fibrillar structure	http://doi.org/10.1117/12.2288088	http://doi.org/10.1117/12.2288088	sc269	94	Kimmo	C	BF	T	Classification of kidney tumor tissue images acquired with collagen matrix using a CNN classifier to distinguish collagen structure-based entities.
y	213	Kandaswamy  C et al.	High-Content Analysis of Breast Cancer Using Single-Cell Deep Transfer Learning	https://doi.org/10.1177/1087057115623451	https://doi.org/10.1177/1087057115623451	ma114	435	Kimmo	C	FL	C	Classification of compounds in the chemical mechanisms of action for identifying cell phenotype affecting substances using a CNN classifier.
y	214	Kannan S et al.	Segmentation of Glomeruli Within Trichrome Images Using Deep Learning	https://doi.org/10.1101/345579 	https://doi.org/10.1101/345579 	bi5	713	Kimmo	C, S	BF	T	Automated detection and segmentation of the glomeruli within digitized kidney biopsy images using a CNN.
y	215	Kassim YM et al.	Microvasculature segmentation of arterioles using deep CNN	http://doi.org/10.1109/ICIP.2017.8296347	http://doi.org/10.1109/ICIP.2017.8296347	sc18	558	Kimmo	S	FL	T	Robust segmentations of microvasculature tissues from epifluorescence microscopy imagery of mice dura mater using a CNN framework.
y	216	Kaur P et al.	Hybrid deep learning for Reflectance Confocal Microscopy skin images	http://doi.org/10.1109/ICPR.2016.7899844	http://doi.org/10.1109/ICPR.2016.7899844	sc480	458	Kimmo	C	FL	T	Identifying human skin disorders in confocal microscopy images of tissues using texton-based feature vectors as input for a CNN.
y	217	Khan A et al.	Deep convolutional neural networks for human embryonic cell counting	http://doi.org/10.1007/978-3-319-46604-0_25	http://doi.org/10.1007/978-3-319-46604-0_25	sc152	277	Kimmo	C	BF	C	Automated cell counting in time-lapse microscopy images of developing human embryos using a CNN classifier.
y	218	Khobragade N et al.	Multi-class segmentation of neuronal electron microscopy images using deep learning	http://doi.org/10.1117/12.2293940	http://doi.org/10.1117/12.2293940	sc172	579	Kimmo	S	EM	C	Multi-class segmentation of Drosophila third instar larva ventral nerve cord images using a pixel-wise Bayesian SegNet classifier.
y	219	Khoshdeli M et al.	Feature-Based Representation Improves Color Decomposition and Nuclear Detection Using a Convolutional Neural Network	http://doi.org/10.1109/TBME.2017.2711529	http://doi.org/10.1109/TBME.2017.2711529	sc251	400	Kimmo	C	FL, BF	C	Improved color decomposition (CD) and subsequent nuclear detection in multiple imaging modalities using a CNN classifier.
y	220	Khosravi P et al.	Deep Convolutional Neural Networks Enable Discrimination of Heterogeneous Digital Pathology Images	https://doi.org/10.1101/197517 	https://doi.org/10.1101/197517 	bi67	273	Kimmo	C	FL, BF	T	Classification of different histopathology images across different cancer subtypes by fine-tuning pre-trained CNN's.
y	221	Klibisz A et al.	Fast, simple calcium imaging segmentation with fully convolutional networks	http://doi.org/10.1007/978-3-319-67558-9_33	http://doi.org/10.1007/978-3-319-67558-9_33	sc503	396	Kimmo	S	FL	C	Examine neuron activity as a series of images by segmenting fluorescence microscopy time-lapse images using a U-Net architecture.
y	222	Kose K et al.	A multiresolution deep learning framework for automated annotation of reflectance confocal microscopy images	http://doi.org/10.1364/MICROSCOPY.2018.MTh2A.1	http://doi.org/10.1364/MICROSCOPY.2018.MTh2A.1	sc173	65	Kimmo	P	FL	C	Automated annotation of morphological patterns to aid skin cancer diagnosis using a multiresolution nested convolutional autoencoder.
y	223	Kraus Z et al.	Classifying and segmenting microscopy images with deep multiple instance learning	http://doi.org/10.1093/bioinformatics/btw252	http://doi.org/10.1093/bioinformatics/btw252	sc71	213	Kimmo	C, S	FL	C	Classification and segmentation of mammalian and yeast cells using only microscopy image annotations for multiple instance learning of CNN.
y	224	Kwak JT et al.	Nuclear Architecture Analysis of Prostate Cancer via Convolutional Neural Networks	http://doi.org/10.1109/ACCESS.2017.2747838	http://doi.org/10.1109/ACCESS.2017.2747838	sc44	609	Kimmo	C	BF	T	Improved prostate cancer diagnosis by identifying epithelial nuclear seeds in prostate tissue specimen samples using a CNN classifier.
y	225	Kwok S et al.	Multiclass Classification of Breast Cancer in Whole-Slide Images	http://doi.org/10.1007/978-3-319-93000-8_106	http://doi.org/10.1007/978-3-319-93000-8_106	sc178	584	Kimmo	C	BF	T	Improved breast cancer tissue diagnosis by classifying HE stained WSI images through a patch-based CNN classifier.
y	226	Laine RF et al.	Structured illumination microscopy combined with machine learning enables the high throughput analysis and classification of virus structure	https://doi.org/10.1101/266551 	https://doi.org/10.1101/266551 	bi18	751	Kimmo	C	BF	C	Fast quality assessment of oncolytic virotherapy and vaccine development for high throughput viral production using a pre-trained CNN classifier.
y	227	Lee G-G et al.	Stem cell detection based on Convolutional Neural Network via third harmonic generation microscopy images	http://doi.org/10.1109/ICOT.2017.8336085	http://doi.org/10.1109/ICOT.2017.8336085	sc111	745	Kimmo	C	BF	C,T	Improved tissue diagnosis by classifying basal cells and stem cells using a CNN classifier to detect stem cells in the stratum basale.
y	228	Leena Silvoster M et al.	Enhanced CNN based electron microscopy image segmentation	http://doi.org/10.2478/cait-2012-0014	http://doi.org/10.2478/cait-2012-0014	sc161	381	Kimmo	S	EM	T	Improved segmentation of ventral nerve cord  in EM images using perceptual grouping via a graph cut and its combinations with CNN.
y	229	Li H et al.	A Hierarchical Convolutional Neural Network for vesicle fusion event classification	http://doi.org/10.1016/j.compmedimag.2017.04.003	http://doi.org/10.1016/j.compmedimag.2017.04.003	sc298	53	Kimmo	C	FL	C	Automated classification and tracking of vesicle fusion events in fluorescence microscopy image sequences using a novel hierarchical CNN. 
y	230	Li Hen et al.	Cell Dynamic Morphology Classification Using Deep Convolutional Neural Networks	https://doi.org/10.1002/cyto.a.23490 	https://doi.org/10.1002/cyto.a.23490 			Kimmo	C	BF	C	Mouse lymphocytes cell dynamic morphology classification  using a CNN classifier
y	231	Li R et al.	Deep Learning Segmentation of Optical Microscopy Images Improves 3-D Neuron Reconstruction	http://doi.org/10.1109/TMI.2017.2679713	http://doi.org/10.1109/TMI.2017.2679713	sc48	314	Kimmo	S	BF	C	Improved voxel-wise segmentation of volumetric neuronal microscopy images using a novel 3D CNN.
y	232	Li Y et al.	DLBI: Deep learning guided Bayesian inference for structure reconstruction of super-resolution fluorescence microscopy	http://doi.org/10.1093/bioinformatics/bty241	http://doi.org/10.1093/bioinformatics/bty241	sc387	359	Kimmo	P	FL	SB	Time-series analysis and visualization of subcellular structures using a bayesian multi-scale CNN.
y	233	Liang L et al.	A deep learning approach to estimate chemically-treated collagenous tissue nonlinear anisotropic stress-strain responses from microscopy images	http://doi.org/10.1016/j.actbio.2017.09.025	http://doi.org/10.1016/j.actbio.2017.09.025	sc38	39	Kimmo	C	FL	T	GLBP tissue elastic properties prediction in non-invasive second harmonic generation (SHG) images of collagen networks using CNN classifier.
y	234	Liu K et al.	Fast 3D cell tracking with wide-field fluorescence microscopy through deep learning	http://arxiv.org/abs/1805.05139v2	http://arxiv.org/abs/1805.05139v2	ar13	397	Kimmo	C	FL	C	Prediction of 3D locations from a single 2D fluorescence microscopy image by cascading two CNN's for in vivo 3D tracking of multiple blood cells.
y	235	López YP et al.	Automatic classification of light field smear microscopy patches using Convolutional Neural Networks for identifying Mycobacterium Tuberculosis	http://doi.org/10.1109/DISTRA.2017.8229512	http://doi.org/10.1109/DISTRA.2017.8229512	sc34	136	Kimmo	C	BF	C	Identification of Mycobacterium tuberculosis by classifying light field smear microscopy images using augmented input patches for a CNN classifier.
y	236	Lu A et al.	Learning unsupervised feature representations for single cell microscopy images with paired cell inpainting	https://doi.org/10.1101/395954 	https://doi.org/10.1101/395954 	bi4	512	Kimmo	C	FL	C	Improved phenotypic classification for both yeast and human cells using an unsupervised CNN classifier.
y	237	Maitin-Shepard J et al.	Combinatorial Energy Learning for Image Segmentation	http://arxiv.org/abs/1506.04304v3	http://arxiv.org/abs/1506.04304v3	ar49	218	Kimmo	S	EM	T	Segmentation of neuropil tissues using a CNN to model the conditional energy of a segmentation output.
y	238	Marsh JN et al.	Deep Learning Global Glomerulosclerosis in Transplant Kidney Frozen Sections	https://doi.org/10.1101/292789 	https://doi.org/10.1101/292789 	bi12	304	Leslie	C	BF	T,C	Automated identification and classification of glomeruli in frozen donor kidney section biopsies whole-slide images using a CNN model
y	239	Matuszewski DJ et al.	Minimal annotation training for segmentation of microscopy images	http://doi.org/10.1109/ISBI.2018.8363599	http://doi.org/10.1109/ISBI.2018.8363599	sc13	561	Leslie	S	EM	C	Improved segmentation of viruses in EM images with minimal annotation using a U-Net model.
y	240	Mesbah R et al.	Deep convolutional encoder-decoder for myelin and axon segmentation	http://doi.org/10.1109/IVCNZ.2016.7804455	http://doi.org/10.1109/IVCNZ.2016.7804455	sc140	271	Leslie	S	BF	SB	Automated segmentation of myelin and axon from mouse spinal cord microscopy images using CNN and Convolutional autoencoder.
y	241	Mishra M et al.	Structure-based assessment of cancerous mitochondria using deep networks	http://doi.org/10.1109/ISBI.2016.7493327	http://doi.org/10.1109/ISBI.2016.7493327	sc70	750	Leslie	C	EM	SB	Automated quantitative assessment of mitochondria structures isolated from liver tumor cell lines using a CNN classifier. 
y	242	Murthy  V et al.	Center-Focusing Multi-task {CNN} with Injected Features for Classification of Glioma Nuclear Images	https://doi.org/10.1109%2Fwacv.2017.98	https://doi.org/10.1109%2Fwacv.2017.98	ma82	193	Leslie	C	BF	C	Automated shapes and attributes classification of a glioma cell nucleus using a CNN classifier.
y	243	Naito T et al.	Identification and segmentation of myelinated nerve fibers in a cross-sectional optical microscopic image using a deep learning model	http://doi.org/10.1016/j.jneumeth.2017.08.014	http://doi.org/10.1016/j.jneumeth.2017.08.014	sc39	459	Leslie	S	BF	T	Automated nerve fiber identification and segmentation using CNN model.
y	244	Nanni L et al.	Bioimage Classification with Handcrafted and Learned Features	http://doi.org/10.1109/TCBB.2018.2821127	http://doi.org/10.1109/TCBB.2018.2821127	sc412	159	Leslie	C	BF,FL	C,SB	Generic bioimage classification method for a wide range of cell and subcellular classification problems using a CNN model.
y	245	Nazeri K et al.	Two-Stage Convolutional Neural Network for Breast Cancer Histology Image Classification	http://doi.org/10.1007/978-3-319-93000-8_81	http://doi.org/10.1007/978-3-319-93000-8_81	sc22	823	Leslie	C	BF	T	Automated detection and classification of breast tissue in microscopy images using multiple patch-based CNN classifiers.
y	246	Nguyen T et al.	A deep-learning approach for high-speed Fourier ptychographic microscopy	http://doi.org/10.1364/3D.2018.JTh3A.6	http://doi.org/10.1364/3D.2018.JTh3A.6	sc27	32	Leslie	P	BF	C	Automated reconstruction of dynamic live cells video sequence captured using a computational microscopy technique using a CNN model.
y	247	Nguyen T et al.	Deep learning bi-telecentric digital holographic microscopy for aberration compensation applied to cancer cells	http://doi.org/10.1364/DH.2017.Tu2A.5	http://doi.org/10.1364/DH.2017.Tu2A.5	sc489	296	Leslie	P	BF	C	Automated background area detection for residual phase aberration compensation using a CNN model.
y	248	Nie W-Z et al.	3D Convolutional Networks-Based Mitotic Event Detection in Time-Lapse Phase Contrast Microscopy Image Sequences of Stem Cell Populations	http://doi.org/10.1109/CVPRW.2016.171	http://doi.org/10.1109/CVPRW.2016.171	sc145	3	Leslie	C	BF	C	Automated mitotic event detection of stem cell populations in time-lapse phase contrast microscopy images using a CNN classifier.
y	249	Niioka H et al.	Classification of C2C12 cells at differentiation by convolutional neural network of deep learning using phase contrast images	http://doi.org/10.1007/s13577-017-0191-9	http://doi.org/10.1007/s13577-017-0191-9	sc23	207	Leslie	C	BF	C	Automated cellular differentiation recognition of myogenic C2C12 cell line with phase contrast microscopy using a CNN classifier.
y	250	Nishimoto S et al.	Predicting the future direction of cell movement with convolutional neural networks	https://doi.org/10.1101/388033 	https://doi.org/10.1101/388033 	bi92	656	Leslie	C	BF	C	Automated cell migration prediction from a single image patch of a cell at a particular time using multiple CNN's.
y	251	Nyawira I et al.	Understanding neural pathways in zebrafish through deep learning and high resolution electron microscope data	http://doi.org/10.1145/3219104.3229285	http://doi.org/10.1145/3219104.3229285	sc6	828	Leslie	S	EM	SB	Automated segmentation of high-resolution scanning electron microscope (SEM) image data using a CNN model.
y	252	Ounkomol C et al.	Three dimensional cross-modal image inference: label-free methods for subcellular structure prediction	https://doi.org/10.1101/216606 	https://doi.org/10.1101/216606 	bi103	800	Leslie	C	FL, BF	SB	Automated prediction of fluorescently labeled structures in live cells solely from 3D brightfield microscopy images using CNN classifier.
y	253	Ounkomol C et al.	Label-free prediction of three-dimensional fluorescence images from transmitted light microscopy	https://doi.org/10.1101/289504 	https://doi.org/10.1101/289504 	bi40	502	Leslie	C	FL	C	Prediction of 3D fluorescence directly from transmitted light images using a CNN classifier for generating multi-structure, integrated images.
y	254	Oztel I et al.	Mitochondria segmentation in electron microscopy volumes using deep convolutional neural network	http://doi.org/10.1109/BIBM.2017.8217827	http://doi.org/10.1109/BIBM.2017.8217827	sc35	564	Leslie	S	EM	SB	Automated segmentation of mitochondria in the CA1 hippocampus region of brain tissue from electron microscopy images using CNN model.
y	255	Öztürk Ş et al.	A convolutional neural network model for semantic segmentation of mitotic events in microscopy images	http://doi.org/10.1007/s00521-017-3333-9	http://doi.org/10.1007/s00521-017-3333-9	sc117	24	Leslie	S	BF, EM	C	Improved mitosis segmentation using CNN model for Semantic segmentation.
y	256	Pahariya G et al.	High precision automated detection of labeled nuclei in terabyte-scale whole-brain volumetric image data of mouse	https://doi.org/10.1101/252247 	https://doi.org/10.1101/252247 	bi104	445	Leslie	C	FL	C	Automated mitosis detection by aggregating data using CNN via additional crowdsourcing layer (AggNet).
y	257	Pan X et al.	Cell detection in pathology and microscopy images with multi-scale fully convolutional neural networks	http://doi.org/10.1007/s11280-017-0520-7	http://doi.org/10.1007/s11280-017-0520-7	sc116	181	Leslie	C	BF,FL	C	Automated density map regression to robustly detect the nuclei in pathology and microscopy images using a novel multi-scale CNN classifier.
y	258	Panicker RO et al.	Automatic detection of tuberculosis bacilli from microscopic sputum smear images using deep learning methods	http://doi.org/10.1016/j.bbe.2018.05.007	http://doi.org/10.1016/j.bbe.2018.05.007	sc31	138	Leslie	C	BF	C	Automated detection of tuberculosis (TB) bacilli from microscopic sputum smear images using a CNN classifier.
y	259	Penas KED et al.	Malaria Parasite Detection and Species Identification on Thin Blood Smears Using a Convolutional Neural Network	http://doi.org/10.1109/CHASE.2017.51	http://doi.org/10.1109/CHASE.2017.51	sc308	537	Leslie	C	BF	SB	Automated detection of malaria parasites in thin blood smears images using a CNN classifier.
y	260	Pitkäaho T et al.	Performance of autofocus capability of deep convolutional neural networks in digital holographic microscopy	http://doi.org/10.1364/DH.2017.W2A.5	http://doi.org/10.1364/DH.2017.W2A.5	sc60	632	Leslie	P	BF	C	Automated focusing of digital holograms of microscopic objects using a CNN mdoel.
y	261	Qiao H et al.	GPU-based deep convolutional neural network for tomographic phase microscopy with ℓ1 fitting and regularization	http://doi.org/10.1117/1.JBO.23.6.066003	http://doi.org/10.1117/1.JBO.23.6.066003	sc232	427	Leslie	P	O	C	Improve the performance of phase tomography using a CNN model.
y	262	Qiu Y et al.	Applying deep learning technology to automatically identify metaphase chromosomes using scanning microscopic images: An initial investigation	http://doi.org/10.1117/12.2217418	http://doi.org/10.1117/12.2217418	sc522	97	Leslie	C	FL	SB	Identification of chromosomes metaphase sub-cellular structures using a CNN classifier.
y	263	Quan TM et al.	FusionNet: A deep fully residual convolutional neural network for image   segmentation in connectomics	http://arxiv.org/abs/1612.05360v2	http://arxiv.org/abs/1612.05360v2	ar47	414	Leslie	S	EM	T,C	Automated segmentation of neuronal structures in connectomics data using a CNN model.
y	264	Quay M et al.	Designing deep neural networks to automate segmentation for serial block-face electron microscopy	http://doi.org/10.1109/ISBI.2018.8363603	http://doi.org/10.1109/ISBI.2018.8363603	sc397	339	Leslie	S	EM	C,SB	Automated segmentation of a human platelet tissue sample in serial block-face electron microscopy images using an ensemble of CNN model.
y	265	Quinn JA et al.	Deep Convolutional Neural Networks for Microscopy-Based Point of Care   Diagnostics	http://arxiv.org/abs/1608.02989v1	http://arxiv.org/abs/1608.02989v1	ar50	278	Leslie	C	BF	C	Automated diagnosis of malaria in thick blood smears, tuberculosis in sputum samples, and intestinal parasite eggs  using a CNN model.
y	266	Rajasekaran K et al.	An accurate perception method for low contrast bright field microscopy in heterogeneous microenvironments	http://doi.org/10.3390/app7121327	http://doi.org/10.3390/app7121327	sc286	66	Leslie	C	BF	SB	Automated perceiving of shapes for optical tweezers-based robotic manipulation using a CNN classifier.
y	267	Rakhlin A et al.	Deep Convolutional Neural Networks for Breast Cancer Histology Image Analysis	http://doi.org/10.1007/978-3-319-93000-8_83	http://doi.org/10.1007/978-3-319-93000-8_83	sc26	274	Leslie	C	BF	T	Automated classification of breast cancer tissues in histology images using a CNN classifier.
y	268	Rao Q et al.	Automatically segmenting and reconstructing neurons in SEM images	http://doi.org/10.1109/ICMA.2016.7558857	http://doi.org/10.1109/ICMA.2016.7558857	sc351	135	Leslie	S	EM	C	Neuronal boundary detection and segmentation using membrane detection probability map (MDPM) generated by a CNN model.
y	269	Rao Q et al.	Deep learning and shapes similarity for joint segmentation and tracing single neurons in SEM images	http://doi.org/10.1117/12.2254284	http://doi.org/10.1117/12.2254284	sc62	291	Leslie	S	EM	C	Automated neuronal membranes detection from Tape-collecting Ultra Microtome Scanning Electron Microscopy (ATUM-SEM) using a CNN model.
y	270	Ravì D et al.	Effective deep learning training for single-image super-resolution in endomicroscopy exploiting video-registration-based reconstruction	http://doi.org/10.1007/s11548-018-1764-0	http://doi.org/10.1007/s11548-018-1764-0	sc393	371	Leslie	P	FL	C	Improved image superresolution reconstruction using a novel synthetic data generation approach to train the exemplar-based CNN model.
y	271	Raza SEA et al.	Micro-Net: A unified model for segmentation of various objects in microscopy images	http://arxiv.org/abs/1804.08145v1	http://arxiv.org/abs/1804.08145v1	ar17	549	Leslie	S	FL, BF	C, SB	Automated segmentation of cells, nuclei, and glands in fluorescence microscopy and histology images using a multi-resolution CNN model.
y	272	Raza SEA et al.	MIMO-Net: A multi-input multi-output convolutional neural network for cell segmentation in fluorescence microscopy images	http://doi.org/10.1109/ISBI.2017.7950532	http://doi.org/10.1109/ISBI.2017.7950532	sc51	559	Leslie	S	FL	C	Automated cell segmentation in fluorescence microscopy images using multiple-input-multiple-output CNN model.
y	273	Rempfler M et al.	Tracing cell lineages in videos of lens-free microscopy	http://doi.org/10.1016/j.media.2018.05.009	http://doi.org/10.1016/j.media.2018.05.009	sc217	810	Leslie	C	BF	C	Automated detection and tracking of cells in LFM images using a CNN model and probabilistic model based on moral lineage tracing.
y	274	Ren  J et al.	Adversarial Domain Adaptation for Classification of Prostate Histopathology Whole-Slide Images	https://arxiv.org/abs/1806.01357	https://arxiv.org/abs/1806.01357	ma52	47	Leslie	C	BF	T	Improved classification for automated Gleason grading of prostate histopathology tissue Whole-Slide Images using adversarial domain adaptation.
y	275	Rezaeilouyeh H et al.	Microscopic medical image classification framework via deep learning and shearlet transform	http://doi.org/10.1117/1.JMI.3.4.044501	http://doi.org/10.1117/1.JMI.3.4.044501	sc67	555	Leslie	C	BF	T	Automated cancer tissue diagnosis using magnitude and phase of shearlet coefficients as additional input for a CNN classifier.
y	276	Rivenson  Y et al.	Phase recovery and holographic image reconstruction using deep learning in neural networks	https://doi.org/10.1038/lsa.2017.141	https://doi.org/10.1038/lsa.2017.141	ma76	637	Nicolas	P	BF	T	Improved phase retrieval and holographic image reconstruction of blood, Pap smears, and tissue sections using a cascaded multi-scale CNN model.
y	277	Rivenson Y et al.	Toward a Thinking Microscope: Deep Learning in Optical Microscopy and Image Reconstruction	http://arxiv.org/abs/1805.08970v1	http://arxiv.org/abs/1805.08970v1	ar11	805	Nicolas	P	BF	T	Automated microscopic image reconstruction of lung, kidney, and breast tissue sections using a CNN model.
y	278	Rivenson Y et al.	PhaseStain: Digital staining of label-free quantitative phase microscopy images using deep learning	http://arxiv.org/abs/1807.07701v1	http://arxiv.org/abs/1807.07701v1	ar4	638	Nicolas	P	BF	T	Virtual staining for brightfield microscopy images of skin, kidney, and liver tissue sections using a generative adversarial network (GAN) model.
y	279	Robitaille L et al.	Learning to Become an Expert: Deep Networks Applied To Super-Resolution Microscopy	http://arxiv.org/abs/1803.10806v1	http://arxiv.org/abs/1803.10806v1	ar21	511	Nicolas	P	STED	T	An automated quantitative quality measure of  neuronal structures in super-resolution microscopy images using a CNN model.
y	280	Roels J et al.	Convolutional neural network pruning to accelerate membrane segmentation in electron microscopy	http://doi.org/10.1109/ISBI.2017.7950600	http://doi.org/10.1109/ISBI.2017.7950600	sc316	239	Nicolas	S	EM	SB	Improved membrane segmentation of mitochondria and endoplasmic reticula by optimizing a CNN model.
y	281	Romo-Bucheli  D et al.	A deep learning based strategy for identifying and associating mitotic activity with gene expression derived risk categories in estrogen receptor positive breast cancers	https://doi.org/10.1002/cyto.a.23065	https://doi.org/10.1002/cyto.a.23065	ma101	42	Nicolas	C	BF	T	Improved mitotic figures identification from breast cancer tissue whole slides images using a CNN classifier.
y	282	Sabbaghi S et al.	A deep bag-of-features model for the classification of melanomas in dermoscopy images	http://doi.org/10.1109/EMBC.2016.7590962	http://doi.org/10.1109/EMBC.2016.7590962	sc512	33	Nicolas	C	BF	C	Classification of cancer and non-cancer skin regions using a stacked sparse auto-encoder with SIFT and color descriptors. 
y	283	Sailem H et al.	Discovery of Rare Phenotypes in Cellular Images Using Weakly Supervised Deep Learning	http://doi.org/10.1109/ICCVW.2017.13	http://doi.org/10.1109/ICCVW.2017.13	sc21	355	Nicolas	P	FL	C	Automated labeling of genetically weak perturbed cells phenotypes using a weakly supervised CNN to identify rare events location.
y	284	Saponaro P et al.	DeepXScope: Segmenting Microscopy Images with a Deep Neural Network	http://doi.org/10.1109/CVPRW.2017.117	http://doi.org/10.1109/CVPRW.2017.117	sc133	330	Nicolas	S	FL	T	Automated segmenting of the fungal pathogen and cell boundaries and stomata of the host plant tissues using a CNN model.
y	285	Schaumberg AJ et al.	DeepScope: Nonintrusive Whole Slide Saliency Annotation and Prediction from Pathologists at the Microscope	https://doi.org/10.1101/097246 	https://doi.org/10.1101/097246 	bi280	324	Nicolas	C	BF	T	Creation of whole-slide image saliency maps to facilitate manual annotation process using a pre-trained CNN classifier.
y	286	Schaumberg AJ et al.	H&E-stained Whole Slide Image Deep Learning Predicts SPOP Mutation State in Prostate Cancer	https://doi.org/10.1101/064279 	https://doi.org/10.1101/064279 	bi50	431	Nicolas	C	BF	T	Prediction of a genetic mutation (SPOP) in whole slide images of prostate cancer tissues using a CNN classifier.
y	287	Schaumberg AJ et al.	Large-Scale Annotation of Histopathology Images from Social Media	https://doi.org/10.1101/396663 	https://doi.org/10.1101/396663 	bi89	504	Nicolas	C	BF	T	Classification of several tissue types from a dataset created from images shared by pathologists on twitter using pre-trained CNN classifiers.
y	288	Schubert P et al.	Learning cellular morphology with neural networks	https://doi.org/10.1101/364034 	https://doi.org/10.1101/364034 	bi32	508	Nicolas	S	EM	SB	Automated reconstruction and detection of cellular fragments in volumetric  brain tissue images by multi-view CNN model.
y	289	Shahbazi A et al.	Flexible Learning-Free Segmentation and Reconstruction for Sparse Neuronal Circuit Tracing	https://doi.org/10.1101/278515 	https://doi.org/10.1101/278515 	bi51	403	Nicolas	S	EM	C	Creation of a learning-free method for sparse segmentation and reconstruction of neural volumes using a CNN model.
y	290	Sheikhzadeh F et al.	Automatic labeling of molecular biomarkers of immunohistochemistry images using fully convolutional networks	http://doi.org/10.1371/journal.pone.0190783	http://doi.org/10.1371/journal.pone.0190783	sc33	140	Nicolas	C	BF	T	Automated detection and classification of molecular biomarkers of tissues using a CNN classifier. 
y	291	Shen W et al.	Multi-stage Multi-recursive-input Fully Convolutional Networks for   Neuronal Boundary Detection	http://arxiv.org/abs/1703.08493v2	http://arxiv.org/abs/1703.08493v2	ar107	582	Nicolas	S	EM	T	Identification of cortical connectivity by improved mouse piriform cortex image segmentation using a multi-stage multi-recursive CNN model.
y	292	Shkolyar A et al.	Automatic detection of cell divisions (mitosis) in live-imaging microscopy images using Convolutional Neural Networks	http://doi.org/10.1109/EMBC.2015.7318469	http://doi.org/10.1109/EMBC.2015.7318469	sc156	137	Nicolas	C	BF	C	Semi-automated workflow for cell divisions detection in live-imaging microscopy by classifying mitosis candidates using a CNN classifier. 
y	293	Sibley AR et al.	Simultaneous segmentation and classification of multichannel immuno-fluorescently labeled confocal microscopy images using deep convolutional neural networks	http://doi.org/10.1117/12.2292934	http://doi.org/10.1117/12.2292934	sc25	720	Nicolas	S,C	FL	T	Automated segmentation and classification of dendritic cell types for application to cell membrane immunofluorescent stains using a CNN model.
y	294	Singh SP et al.	Machine learning based classification of cells into chronological stages using single-cell transcriptomics.	https://doi.org/10.1101/303214 	https://doi.org/10.1101/303214 	bi66	534	Nicolas	C	FL	C	Detection of premature aging in cells using a CNN classifier to provide a window for preventive therapies against age-related diseases.
y	295	Sirinukunwattana  K et al.	Locality Sensitive Deep Learning for Detection and Classification of Nuclei in Routine Colon Cancer Histology Images	https://doi.org/10.1109/tmi.2016.2525803	https://doi.org/10.1109/tmi.2016.2525803	ma103	522	Nicolas	C	BF	T	Per-pixel likelihood prediction for improved nuclei detection in colon cancer histology images using a novel spatially constrained CNN classifier.
y	296	Smith KP et al.	Automated interpretation of blood culture gram stains by use of a deep convolutional neural network	http://doi.org/10.1128/JCM.01521-17	http://doi.org/10.1128/JCM.01521-17	sc17	123	Nicolas	C	BF	T	Automated image acquisition and classification of Gram stain using a CNN classifier.
y	297	Song Y et al.	Accurate segmentation of cervical cytoplasm and nuclei based on multiscale convolutional network and graph partitioning	http://doi.org/10.1109/TBME.2015.2430895	http://doi.org/10.1109/TBME.2015.2430895	sc526	16	Nicolas	S	BF	C	Accurate segmentation of cervical cells of Cervical Cytoplasm and Nuclei using a multiscale CNN and graph-partitioning-based method.
y	298	Stegmaier J et al.	Cell segmentation in 3D confocal images using supervoxel merge-forests with CNN-based hypothesis selection	http://doi.org/10.1109/ISBI.2018.8363598	http://doi.org/10.1109/ISBI.2018.8363598	sc109	188	Nicolas	S	FL	T	Automated segmentation of cell plants (meristem) clusters in volumetric microscopy images using a novel super-voxel CNN model.
y	299	Suleymanova I et al.	A deep convolutional neural network approach for astrocyte detection	https://doi.org/10.1101/241505 	https://doi.org/10.1101/241505 	bi48	35	Nicolas	C	BF	C	Fast and fully automated software for assessing the number of astrocytes using a CNN classifier.
y	300	tefko MÅ et al.	Design Principles for Autonomous Illumination Control in Localization Microscopy	https://doi.org/10.1101/295519 	https://doi.org/10.1101/295519 	bi34	340	Nicolas	S	FL	SB	Automated molecule density estimation by fluorescence spot segmentation and counting using a CNN model.
y	301	Thierbach K et al.	Combining Deep Learning and Active Contours Opens The Way to Robust  Automated Analysis of Brain Cytoarchitectonics	https://doi.org/10.1101/297689 	https://doi.org/10.1101/297689 	bi6	220	Nicolas	S	FL	C	Improved segmentation of neural cell bodies from volumetric light-sheet microscopy using a CNN model.
y	302	Tokuoka Y et al.	Convolutional Neural Network-Based Instance Segmentation Algorithm to Acquire Quantitative Criteria of Early Mouse Development	https://doi.org/10.1101/324186 	https://doi.org/10.1101/324186 	bi87	238	Nicolas	S	FL	C	Creation of a deep learning pipeline that segments each nucleus and adds different labels to the detected objects.
y	303	Tschopp F et al.	Efficient convolutional neural networks for pixelwise classification on heterogeneous hardware systems	http://doi.org/10.1109/ISBI.2016.7493487	http://doi.org/10.1109/ISBI.2016.7493487	sc353	375	Nicolas	C	EM	T	Transformation of a classification CNN to a segmentation NN to increase speed of predictions.
y	304	Van Valen DA et al.	Deep Learning Automates the Quantitative Analysis of Individual Cells in Live-Cell Imaging Experiments	http://doi.org/10.1371/journal.pcbi.1005177	http://doi.org/10.1371/journal.pcbi.1005177	sc65	294	Nicolas	S	BF	C	Improved bacterial and mammalian cells nuclei segmentation in fluorescent and phase images of the cytoplasms using CNN model.
y	305	Vicar T et al.	Label-free nuclear staining reconstruction in quantitative phase images using deep learning	http://doi.org/10.1007/978-981-10-9035-6_43	http://doi.org/10.1007/978-981-10-9035-6_43	sc373	501	Philip	P	BF, FL	C, T	Created artificial, fluorescence-like nuclei labeling from label-free images using CNNs.
y	306	Vu QD et al.	Micro and Macro Breast Histology Image Analysis by Partial Network Re-use	http://doi.org/10.1007/978-3-319-93000-8_102	http://doi.org/10.1007/978-3-319-93000-8_102	sc122	551	Philip	C, S	BF	T	Improved classification and segmentation of breast cancer images by combining architectural components and weights of a CNN model.
y	307	Wang C et al.	Edge Detection of Cryptic Lamellipodia Assisted by Deep Learning	https://doi.org/10.1101/181263 	https://doi.org/10.1101/181263 	bi30	367	Philip	C	FL	C	Automated edges detection in time-lapse collective cell migration movies by combining traditional analysis methods with CNN models.
y	308	Wang F et al.	DeepPicker: A deep learning approach for fully automated particle picking in cryo-EM	http://doi.org/10.1016/j.jsb.2016.07.006	http://doi.org/10.1016/j.jsb.2016.07.006	sc514	321	Philip	C	EM	SB	Improved classifications of target particles from multiple molecular complexes using an iterative CNN-based workflow.
y	309	Wang Q et al.	Accurate and high throughput cell segmentation method for mouse brain nuclei using cascaded convolutional neural network	http://doi.org/10.1007/978-3-319-67434-6_7	http://doi.org/10.1007/978-3-319-67434-6_7	sc61	11	Philip	S	FL	C	Improved segmentation by passing the probability map from one CNN as input to a subsequent CNN together with the original images.
y	310	Wang Y et al.	Stem cell motion-tracking by using deep neural networks with multi-output	http://doi.org/10.1007/s00521-017-3291-2	http://doi.org/10.1007/s00521-017-3291-2	sc186	746	Philip	C	BF	C	Automated mitosis detection and cell tracking using a CNN model with multiple outputs and a particle filter based sampling scheme.
y	311	Wen C et al.	Deep-learning-based flexible pipeline for segmenting and tracking cells in 3D image time series for whole brain imaging	https://doi.org/10.1101/385567 	https://doi.org/10.1101/385567 	bi17	264	Philip	C	FL	C	Pixel-wise classification of cells using a 3D U-Net model, followed by watershed cell segmentation, and tracking using a feed-forward network.
y	312	Weng S et al.	Combining deep learning and coherent anti-Stokes Raman scattering imaging for automated differential diagnosis of lung cancer	http://doi.org/10.1117/1.JBO.22.10.106017	http://doi.org/10.1117/1.JBO.22.10.106017	sc462	221	Philip	C	BF	T	Classification of lung cancer tissue using pre-trained CNN classifiers.
y	313	Wieslander  H et al.	Deep Convolutional Neural Networks for Detecting Cellular Changes Due to Malignancy	https://doi.org/10.1109/iccvw.2017.18	https://doi.org/10.1109/iccvw.2017.18	ma109	275	Philip	C	BF	C	Improved classification of oral and cervical cancer cells using pre-trained CNN models.
y	314	Wollmann T et al.	Deep residual Hough voting for mitotic cell detection in histopathology images	http://doi.org/10.1109/ISBI.2017.7950533	http://doi.org/10.1109/ISBI.2017.7950533	sc196	323	Philip	C	BF	C	Improved mitotic cell detection by combining the ResNet classifier with Hough voting method. 
y	315	Wollmann T et al.	Multi-channel deep transfer learning for nuclei segmentation in glioblastoma cell tissue images	http://doi.org/10.1007/978-3-662-56537-7_83	http://doi.org/10.1007/978-3-662-56537-7_83	sc175	578	Philip	S	FL	C	Automated cell segmentation by combining  atrous spatial pyramid pooling with a pre-trained U-Net model.
y	316	Wu J et al.	Unsupervised single-particle deep clustering via statistical manifold   learning	http://arxiv.org/abs/1604.04539v2	http://arxiv.org/abs/1604.04539v2	ar45	835	Philip	C	EM	SB	Unsupervised single-particle clustering using a manifold learning algorithm for deep learning model.
y	317	Xiao C et al.	Deep contextual residual network for electron microscopy image segmentation in connectomics	http://doi.org/10.1109/ISBI.2018.8363597	http://doi.org/10.1109/ISBI.2018.8363597	sc167	269	Philip	S	EM	C, T	Improved segmentation performance by utilizing multilevel contextual cues in a spatially efficient residual CNN model.
y	318	Xiao C et al.	An effective fully deep convolutional neural networks for mitochondria segmentation based on ATUM-SEM	http://doi.org/10.1117/12.2293291	http://doi.org/10.1117/12.2293291	sc24	74	Philip	S	EM	SB	Robust mitochondrial segmentation by fusing multiple pre-trained CNN models.
y	319	Xiao C et al.	Effective automated pipeline for 3D reconstruction of synapses based on deep learning	http://doi.org/10.1186/s12859-018-2232-0	http://doi.org/10.1186/s12859-018-2232-0	sc7	370	Philip	C	EM	T	Automated localization and detection of synapses using adapted faster region-CNN model.
y	320	Xie  Y et al.	Beyond Classification: Structured Regression for Robust Cell Detection Using Convolutional Neural Network	https://doi.org/10.1007/978-3-319-24574-4_43	https://doi.org/10.1007/978-3-319-24574-4_43	ma33	155	Philip	C	BF	C	Automated detection of cells through encoded topological information using a final structured regression layer of a CNN classifier.
y	321	Xie W et al.	Microscopy cell counting and detection with fully convolutional regression networks	http://doi.org/10.1080/21681163.2016.1149104	http://doi.org/10.1080/21681163.2016.1149104	sc110	556	Philip	C	FL	C	Automated cell counting and detection using fully convolutional regression networks to estimate density maps
y	322	Xu M et al.	A deep convolutional neural network for classification of red blood cells in sickle cell anemia	http://doi.org/10.1371/journal.pcbi.1005746	http://doi.org/10.1371/journal.pcbi.1005746	sc129	37	Philip	C	BF	C	Classification of individual red blood cells images using a patch-based CNN classifier.
y	323	Xu YKT et al.	Deep learning for high-throughput quantification of oligodendrocyte ensheathment: a UNet architecture to extract multiple morphological parameters from individual cells	https://doi.org/10.1101/389932 	https://doi.org/10.1101/389932 	bi16	302	Philip	S	BF, FL	SB	Improved myelin segmentation within cells using a UNet architecture.
y	324	Xue Y et al.	A novel framework to integrate convolutional neural network with compressed sensing for cell detection	http://doi.org/10.1109/ICIP.2017.8296696	http://doi.org/10.1109/ICIP.2017.8296696	sc114	87	Philip	C	BF	C	Automated detection and localization of cells by combining compressed-sensing based output encoding with CNN classifier.
y	325	Yang  L et al.	BoxNet: Deep Learning Based Biomedical Image Segmentation Using Boxes Only Annotation	https://arxiv.org/abs/1806.00593 	https://arxiv.org/abs/1806.00593 	ma49	162	Philip	S	BF, EM	C, T	Improved localization of structures by combining weakly supervised deep learning box annotation and grid search for a CNN model.
y	326	Yi F et al.	Automated red blood cells extraction from holographic images using fully convolutional neural networks	http://doi.org/10.1364/BOE.8.004466	http://doi.org/10.1364/BOE.8.004466	sc41	128	Philip	S	BF	C	Integration of FCN with marker-controlled watershed segmentation on red blood cells.
y	327	Yoo I et al.	ssEMnet: Serial-section electron microscopy image registration using a spatial transformer network with learned features	http://doi.org/10.1007/978-3-319-67558-9_29	http://doi.org/10.1007/978-3-319-67558-9_29	sc200	743	Philip	P	EM	T	Automated image alignment by combining a spatial transformer network and a convolutional autoencoder.
y	328	Yu C et al.	Acral melanoma detection using a convolutional neural network for dermoscopy images	http://doi.org/10.1371/journal.pone.0193321	http://doi.org/10.1371/journal.pone.0193321	sc252	27	Philip	C	BF	T	Automated detection of acral melanoma in dermoscopy images using pre-trained CNN classifiers.
y	329	Yu H et al.	Phenotypic Antimicrobial Susceptibility Testing with Deep Learning Video Microscopy	http://doi.org/10.1021/acs.analchem.8b01128	http://doi.org/10.1021/acs.analchem.8b01128	sc402	640	Philip	C	BF	C	Pathogen concentrations determination in static images containing single cell features of bacteria using a CNN classifier.
y	330	Yu L et al.	Automated Melanoma Recognition in Dermoscopy Images via Very Deep Residual Networks	http://doi.org/10.1109/TMI.2016.2642839	http://doi.org/10.1109/TMI.2016.2642839	sc322	125	Philip	C	BF	T	Segmentation and classification of melanoma in dermoscopy images by integrating a very deep CNN with a very deep residual CNN classifier.
y	331	Yuan Y et al.	Automatic Skin Lesion Segmentation Using Deep Fully Convolutional Networks with Jaccard Distance	http://doi.org/10.1109/TMI.2017.2695227	http://doi.org/10.1109/TMI.2017.2695227	sc43	143	Philip	S	BF	T	Improved skin lesion segmentation by combining Jaccard distance based loss function with a CNN for imbalanced foreground and background pixels.
y	332	Zaimi A et al.	AxonDeepSeg: Automatic axon and myelin segmentation from microscopy data using convolutional neural networks	http://doi.org/10.1038/s41598-018-22181-4	http://doi.org/10.1038/s41598-018-22181-4	sc1	149	Philip	S	EM	SB	An open-source software package for axon and myelin segmentation of microscopic images using an adapted U-Net model.
y	333	Zeng T et al.	DeepEM3D: approaching human-level performance on 3D anisotropic EM image segmentation	http://doi.org/10.1093/bioinformatics/btx188	http://doi.org/10.1093/bioinformatics/btx188	sc192	280	Philip	S	EM	SB	Improved volumetric neurite segmentation using a hybrid 3D-2D CNN model accounting for anisotropy.
y	334	Zhang H et al.	High-throughput high-resolution Generated Adversarial Network Microscopy	http://arxiv.org/abs/1801.07330v1	http://arxiv.org/abs/1801.07330v1	ar30	442	Philip	P	BF, FL	T, C, SB	Super-resolution reconstruction from a large field of view by combining GANs with wide-field light images.
y	335	Zhou Y et al.	Cell mitosis detection using deep neural networks	http://doi.org/10.1016/j.knosys.2017.08.016	http://doi.org/10.1016/j.knosys.2017.08.016	sc126	183	Philip	C	BF	C	Automatic identification of potential mitosis events using a CNN model and false-positive reduction using a 3D-CNN classifier.
y	336	Zhou Z et al.	DeepNeuron: an open deep learning toolbox for neuron tracing	http://doi.org/10.1186/s40708-018-0081-2	http://doi.org/10.1186/s40708-018-0081-2	sc162	319	Philip	C	BF	C	Improved detection and tracing of neurons in different image conditions using a DeepNeuron within CNN modules.
y	337	Zhu R.	An Extended Type Cell Detection and Counting Method based on FCN	http://doi.org/10.1109/BIBE.2017.00-79	http://doi.org/10.1109/BIBE.2017.00-79	sc171	79	Philip	C	BF, EM	C	Automated counting and detection of cells  by utilizing a CNN model.
y	338	Zhu Y et al.	A deep convolutional neural network approach to single-particle recognition in cryo-electron microscopy	http://doi.org/10.1186/s12859-017-1757-y	http://doi.org/10.1186/s12859-017-1757-y	sc47	36	Philip	C	EM	SB	Single-particle recognition from noisy cryo-EM micrographs using a recursively trained CNN classifier.